decision_id,resource_id,direction,weight,why,status
spend,financial,draw,0.8,spending uses up money,guess
spend,land_food,draw,0.5,food is the biggest everyday spend,guess
buy_new,produced,draw,0.5,a new product uses made goods,guess
buy_new,energy_minerals,draw,0.5,devices and goods embed metals and energy,guess
buy_new,financial,draw,0.5,paying for it,guess
subscribe,financial,draw,0.5,recurring payment,guess
subscribe,attention,draw,0.5,a commitment takes ongoing attention,guess
travel,energy_minerals,draw,0.8,trips burn fuel,guess
travel,financial,draw,0.5,tickets and stays cost money,guess
travel,water,draw,0.2,tourism uses local water,guess
change_work,human,build,0.8,a new job builds skills,guess
change_work,social,draw,0.2,leaving a workplace loosens ties,guess
move,produced,draw,0.8,moving uses housing stock,guess
move,financial,draw,0.5,moving costs money,guess
move,water,draw,0.2,water supply is a reason to move and a load where people arrive,guess
switch_brand,attention,draw,0.5,comparing providers takes attention,guess
switch_brand,knowledge,build,0.2,comparing spreads price information,guess
share,attention,build,0.8,sharing earns audience attention,guess
share,knowledge,build,0.5,sharing spreads information,guess
share,social,build,0.5,engaging builds networks,guess
share,legitimacy,build,0.2,public voice can back or challenge authority,guess
