decision_id,element_id,weight,status
spend,financial_stress,-1.0,guess
spend,optimism,0.8,guess
spend,price_attention,-0.8,guess
spend,liquidity,0.8,guess
spend,loss_aversion,-0.4,guess
buy_new,novelty_seeking,0.8,guess
buy_new,price_attention,-0.9,guess
buy_new,financial_stress,-0.6,guess
buy_new,tech_comfort,0.2,guess
buy_new,liquidity,0.5,guess
buy_new,habit_inertia,-0.4,guess
subscribe,price_attention,-1.0,guess
subscribe,privacy_stance,-0.3,guess
subscribe,financial_stress,-0.5,guess
subscribe,time_pressure,-0.3,guess
subscribe,habit_inertia,0.4,guess
travel,financial_stress,-0.8,guess
travel,time_pressure,-0.6,guess
travel,novelty_seeking,0.6,guess
travel,optimism,0.5,guess
travel,liquidity,0.6,guess
travel,safety_concern,-0.5,guess
change_work,financial_stress,0.4,guess
change_work,optimism,0.4,guess
change_work,novelty_seeking,0.5,guess
change_work,loss_aversion,-0.6,guess
change_work,liquidity,0.4,guess
change_work,habit_inertia,-0.4,guess
move,novelty_seeking,0.5,guess
move,financial_stress,0.2,guess
move,liquidity,0.6,guess
move,loss_aversion,-0.5,guess
move,habit_inertia,-0.6,guess
switch_brand,price_attention,0.9,guess
switch_brand,novelty_seeking,0.5,guess
switch_brand,habit_inertia,-0.8,guess
share,social_ease,0.9,guess
share,privacy_stance,-0.7,guess
share,time_pressure,-0.4,guess
