dial_id,direction,attribute,definition,question_1,question_2,status
housing_cost,up,rent or price rise,rents or house prices rise,This story reports rents or house prices rising.,This story reports housing becoming less affordable.,draft v2 (first pass)
housing_cost,up,mortgage cost up,mortgage cost rises,This story reports mortgage rates or mortgage payments rising.,This story reports housing costs squeezing households.,draft v2 (first pass)
housing_cost,down,rent or price fall,rents or house prices fall,This story reports rents or house prices falling.,This story reports housing becoming more affordable.,draft v2 (first pass)
housing_cost,down,mortgage relief,mortgage cost falls,This story reports mortgage rates falling.,This story reports a policy or programme that lowers housing costs.,draft v2 (first pass)
energy_fuel,up,fuel price rise,fuel prices rise,"This story reports gasoline, diesel or heating fuel prices rising.",This story reports higher fuel costs for drivers or households.,draft v2 (first pass)
energy_fuel,up,energy supply shock,energy supply disrupted or bills rise,This story reports an energy supply disruption or shortage.,This story reports electricity or gas bills rising.,draft v2 (first pass)
energy_fuel,down,fuel price fall,fuel prices fall,"This story reports gasoline, diesel or heating fuel prices falling.",This story reports lower fuel costs for drivers or households.,draft v2 (first pass)
energy_fuel,down,energy supply eased,energy supply improves or bills fall,This story reports energy supply improving or shortages ending.,This story reports electricity or gas bills falling.,draft v2 (first pass)
financial_conditions,up,rates and credit tighten,rates rise or credit tightens,This story reports interest rates rising.,This story reports credit becoming harder to get.,draft v2 (first pass)
financial_conditions,up,market stress,markets or institutions under stress,This story reports a stock market fall or financial market turmoil.,This story reports a bank or financial institution under stress.,draft v2 (first pass)
financial_conditions,down,rates and credit ease,rates fall or credit eases,This story reports interest rates falling.,This story reports credit becoming easier to get.,draft v2 (first pass)
financial_conditions,down,markets calm,markets rally or recover,This story reports a stock market rally or markets calming.,This story reports financial markets recovering.,draft v2 (first pass)
war_terror,up,armed conflict,war or armed conflict,This story reports armed conflict between countries or groups.,This story reports civilians harmed by war.,draft v2 (first pass)
war_terror,up,terror or military threat,terror attack or escalation,This story reports a terror attack or threat.,This story reports military escalation or a new military threat.,draft v2 (first pass)
war_terror,down,ceasefire or peace,conflict ends,This story reports a ceasefire or peace agreement.,This story reports a conflict ending or de-escalating.,draft v2 (first pass)
war_terror,down,threat removed,threat reduced,This story reports a terror plot being stopped.,This story reports reduced military tension.,draft v2 (first pass)
social_division,up,polarisation,groups sharply divided,This story reports political or social groups sharply divided.,"This story reports protests, clashes or hostility between groups.",draft v2 (first pass)
social_division,up,unfairness,inequality or unfair treatment,This story reports inequality or unfair treatment of a group.,This story reports public anger about unfairness.,draft v2 (first pass)
social_division,down,reconciliation,groups find common ground,This story reports groups reconciling or finding common ground.,This story reports a bipartisan or cross-group agreement.,draft v2 (first pass)
social_division,down,fairness gains,measures reduce unfairness,This story reports measures that reduce inequality or unfair treatment.,This story reports public approval of a fairness reform.,draft v2 (first pass)
environment,up,climate or environmental damage,"climate impacts, pollution or damage to nature are the subject","This story reports climate change impacts, pollution or environmental damage.","This story reports extreme weather, wildfire, flooding or drought harming people or places.",draft v1 (2026-10-05)
environment,down,environmental protection or recovery,"action or progress that reduces emissions, pollution or environmental damage","This story reports action or progress that reduces emissions, pollution or environmental damage.","This story reports air, water or ecosystems getting cleaner or recovering.",draft v1 (2026-10-05)
