dial_id,direction,attribute,definition,question_1,question_2,status
prices,up,consumer price rise,everyday goods or services cost more than before,This story reports that everyday goods or services cost more than before.,This story reports a price increase paid by ordinary households.,draft v1; needs 3 differently-angled questions
prices,up,inflation pressure,inflation or a rising cost of living is the subject,This story reports inflation or a rising cost of living.,This story reports households struggling with rising costs.,draft v1; needs 3 differently-angled questions
prices,up,key cost shock,"fuel, energy, food or housing costs rise","This story reports a rise in fuel, energy, food or housing costs.",This story reports a supply or tax change that raises costs for consumers.,draft v1; needs 3 differently-angled questions
prices,down,consumer price fall,everyday goods or services cost less than before,This story reports that everyday goods or services cost less than before.,This story reports a price cut that benefits ordinary households.,draft v1; needs 3 differently-angled questions
prices,down,inflation easing,inflation or cost-of-living pressure falls,This story reports inflation easing or the cost of living falling.,This story reports households getting relief from costs.,draft v1; needs 3 differently-angled questions
prices,down,key cost relief,"fuel, energy, food or housing costs fall","This story reports a fall in fuel, energy, food or housing costs.","This story reports a subsidy, cap or tax cut that lowers consumer costs.",draft v1; needs 3 differently-angled questions
job_security,up,hiring,employers are creating jobs,This story reports hiring or job creation.,This story reports a company expanding its workforce.,draft v1; needs 3 differently-angled questions
job_security,up,strong labour market,"unemployment low or falling, job growth strong",This story reports unemployment falling or at a low level.,This story reports strong job growth.,draft v1; needs 3 differently-angled questions
job_security,up,pay and openings rise,wages or job openings rising,This story reports wages rising.,This story reports more job openings.,draft v1; needs 3 differently-angled questions
job_security,down,layoffs and closures,workers lose jobs,This story reports layoffs or job losses.,This story reports a company closing or cutting staff.,draft v1; needs 3 differently-angled questions
job_security,down,weak labour market,unemployment rising or job growth weak,This story reports unemployment rising.,This story reports weak or slowing job growth.,draft v1; needs 3 differently-angled questions
job_security,down,worker insecurity,workers fear for their jobs or lose hours or benefits,This story reports workers worried about losing their jobs.,"This story reports cuts to workers' hours, pay or benefits.",draft v1; needs 3 differently-angled questions
crime,up,violent incident,a violent crime or attack occurs,This story reports a violent crime or attack.,This story reports people being killed or injured by violence.,draft v1; needs 3 differently-angled questions
crime,up,rising insecurity,crime or unrest is rising,This story reports crime or unrest rising.,This story reports that people feel unsafe.,draft v1; needs 3 differently-angled questions
crime,down,crime falling,crime or violence goes down,This story reports crime falling.,This story reports a reduction in violence.,draft v1; needs 3 differently-angled questions
crime,down,threat resolved,a danger ends or someone responsible is caught,This story reports a public safety threat ending or being resolved.,This story reports the arrest of someone responsible for violence.,draft v1; needs 3 differently-angled questions
crime,down,safety working,safety measures are shown to work,This story reports a safety measure that is reducing harm.,This story reports neighbourhoods becoming safer.,draft v1; needs 3 differently-angled questions
health_risk,up,outbreak,a disease spreads,This story reports a disease outbreak or spread.,This story reports rising illness or infections.,draft v1; needs 3 differently-angled questions
health_risk,up,care strain,hospitals or clinics are strained,This story reports hospitals or clinics under strain.,This story reports shortages of medical staff or supplies.,draft v1; needs 3 differently-angled questions
health_risk,up,health warning,a warning or recall about health,This story reports a health warning to the public.,This story reports a product or practice being recalled for health reasons.,draft v1; needs 3 differently-angled questions
health_risk,down,outbreak ending,a disease recedes,This story reports an outbreak ending or declining.,This story reports illness rates falling.,draft v1; needs 3 differently-angled questions
health_risk,down,treatment success,a vaccine or treatment works,This story reports a successful vaccine or treatment rollout.,This story reports a medical advance that improves outcomes.,draft v1; needs 3 differently-angled questions
health_risk,down,care recovering,health services recover,This story reports hospitals returning to normal capacity.,This story reports better access to care.,draft v1; needs 3 differently-angled questions
trust_institutions,up,credible conduct,an institution acts honestly or competently,This story reports an institution acting credibly or honestly.,This story reports an institution being open and transparent.,draft v1; needs 3 differently-angled questions
trust_institutions,up,accountability,reform or fair accountability,This story reports a successful reform or accountability measure.,This story reports wrongdoing being fairly investigated and punished.,draft v1; needs 3 differently-angled questions
trust_institutions,up,approval rising,public approval rises,This story reports public approval of an institution rising.,This story reports public trust in an institution improving.,draft v1; needs 3 differently-angled questions
trust_institutions,down,scandal,corruption or misconduct,This story reports a scandal or corruption involving an institution.,This story reports an official resigning or being charged over misconduct.,draft v1; needs 3 differently-angled questions
trust_institutions,down,concealment,an institution hides or misleads,This story reports an institution misleading or hiding information from the public.,This story reports a failure by an institution to protect the public.,draft v1; needs 3 differently-angled questions
trust_institutions,down,trust falling,public trust falls,This story reports public trust in an institution falling.,This story reports the public losing confidence in an institution.,draft v1; needs 3 differently-angled questions
community,up,mutual aid,neighbours or volunteers help each other,This story reports neighbours or volunteers helping each other.,This story reports a surge in volunteering or donations.,draft v1; needs 3 differently-angled questions
community,up,gathering,people come together in shared spaces or events,This story reports a community event or space bringing people together.,This story reports a community coming together.,draft v1; needs 3 differently-angled questions
community,up,solidarity,people act together for a shared cause,This story reports people organising together for a shared cause.,This story reports a show of solidarity.,draft v1; needs 3 differently-angled questions
community,down,division,conflict or division in a community,This story reports a community divided or in conflict.,This story reports neighbours or groups in dispute.,draft v1; needs 3 differently-angled questions
community,down,loss of spaces,gathering places or services close,This story reports community services or gathering places closing.,This story reports cuts to local community programmes.,draft v1; needs 3 differently-angled questions
community,down,isolation,loneliness or withdrawal,This story reports rising loneliness or social isolation.,This story reports people withdrawing from community life.,draft v1; needs 3 differently-angled questions
tech_pace,up,breakthrough,a major new technology or capability,This story reports a major new technology launch or breakthrough.,This story reports a company releasing a much more capable product.,draft v1; needs 3 differently-angled questions
tech_pace,up,fast adoption,people adopt technology quickly,This story reports rapid adoption of a new technology.,This story reports sales or use of a new technology growing quickly.,draft v1; needs 3 differently-angled questions
tech_pace,up,changing life or work,technology changes daily life or jobs,This story reports a new technology changing how people work or live.,This story reports technology replacing a human task.,draft v1; needs 3 differently-angled questions
tech_pace,down,delay or cancel,a rollout is delayed or cancelled,This story reports a technology rollout being delayed or cancelled.,This story reports a technology project being shut down.,draft v1; needs 3 differently-angled questions
tech_pace,down,restriction,regulation restricts technology,This story reports a regulation restricting a technology.,This story reports a ban or limit on a technology.,draft v1; needs 3 differently-angled questions
tech_pace,down,failure,a technology fails or is withdrawn,This story reports a technology failing or being withdrawn.,This story reports adoption of a technology slowing.,draft v1; needs 3 differently-angled questions
disruption,up,service interruption,services or travel stop,This story reports services or travel being interrupted.,"This story reports closures of schools, offices or transport.",draft v1; needs 3 differently-angled questions
disruption,up,severe event,weather or disaster affects daily life,This story reports severe weather or a disaster affecting daily life.,This story reports people forced to leave their homes or change plans.,draft v1; needs 3 differently-angled questions
disruption,up,strike or outage,"strike, outage or shutdown","This story reports a strike, outage or shutdown.",This story reports people unable to follow their usual routines.,draft v1; needs 3 differently-angled questions
disruption,down,restoration,services come back,This story reports services being restored.,This story reports power or transport back to normal.,draft v1; needs 3 differently-angled questions
disruption,down,normal resumes,routines return,This story reports normal operations resuming after an interruption.,This story reports schools or workplaces reopening.,draft v1; needs 3 differently-angled questions
disruption,down,disruption ends,a strike or crisis ends,This story reports an end to a strike or outage.,This story reports a crisis that has been resolved.,draft v1; needs 3 differently-angled questions
housing_cost,up,todo,attributes to be written,,,todo
energy_fuel,up,todo,attributes to be written,,,todo
financial_conditions,up,todo,attributes to be written,,,todo
war_terror,up,todo,attributes to be written,,,todo
social_division,up,todo,attributes to be written,,,todo
