element_id,resource_id,weight,up_means,why,status
tech_comfort,knowledge,0.5,build,comfort with tech is know-how held by people,guess
price_attention,financial,0.5,strain,watching every cost signals a tight budget,guess
privacy_stance,knowledge,0.5,strain,guardedness limits how much data and information is shared,guess
social_ease,social,0.8,build,ease with strangers is the raw material of networks,guess
time_pressure,attention,0.8,strain,little spare time means little spare attention,guess
novelty_seeking,knowledge,0.2,build,early adopters spread know-how,guess
financial_stress,financial,0.8,strain,felt strain on the budget is the money shortage itself,guess
optimism,human,0.5,build,hope and motivation are part of human capital,guess
safety_concern,human,0.5,strain,feeling unsafe weakens wellbeing and willingness to act,guess
institutional_trust,legitimacy,0.8,build,belief that institutions act honestly is acceptance of their authority,guess
liquidity,financial,0.8,build,cash buffer is money,guess
habit_inertia,attention,0.2,build,habit saves attention by skipping choices,guess
loss_aversion,financial,0.5,strain,weighing losses heavily means money is held back,guess
tenure,produced,0.5,build,owning a home ties a person to built stock,guess
life_stage,human,0.5,build,age and caring duties shape labour and skills available,guess
