id,name,kind,definition,n_questions_target,status
tech_comfort,Tech comfort,trait,Ease learning and using new apps and devices.,6,"draft; weakest in test (0.75), needs varied angles"
price_attention,Price attention,trait,How closely the person watches costs and small fees.,5,draft
privacy_stance,Privacy stance,trait,Reluctance to hand personal data to companies.,5,draft
social_ease,Social ease,trait,Comfort dealing with people they do not know.,5,draft
time_pressure,Time pressure,state,How little spare time the person has.,4,draft
novelty_seeking,Novelty seeking,trait,Readiness to try new things early.,5,draft
financial_stress,Financial stress,state,Felt strain on the household budget.,6,"draft; a feeling, not a resource"
optimism,Optimism,state,How hopeful the person feels about their own future.,5,draft
safety_concern,Safety concern,state,How threatened the person feels in daily life.,5,draft
institutional_trust,Institutional trust,state,How much the person believes institutions act honestly.,5,draft
liquidity,Liquidity,resource,"Cash buffer, income level and steadiness.",5,"draft: new, strongest missing driver per decision-science review"
habit_inertia,Habit and inertia,trait,Tendency to stay with existing choices.,5,draft: new
loss_aversion,Loss aversion,trait,How much losses weigh against gains.,5,draft: new
tenure,Tenure (rent or own),derived,"Rents or owns the home. Read from demographics, not asked.",0,draft: new; moderator
life_stage,Life stage and household,derived,"Age, children, caring duties. Read from demographics, not asked.",0,draft: new; moderator
