dial_id,up,down,status
prices,everyday prices and the cost of living rise,everyday prices and the cost of living fall,draft (2026-10-05)
housing_cost,"rents, house prices or mortgage payments rise","rents, house prices or mortgage payments fall",draft (2026-10-05)
energy_fuel,"fuel, electricity or heating costs rise or supply gets tighter","fuel, electricity or heating costs fall or supply improves",draft (2026-10-05)
financial_conditions,"borrowing gets more expensive, or credit and markets tighten or come under stress","borrowing gets cheaper, or credit and markets ease or calm",draft (2026-10-05)
job_security,work and incomes become more secure,jobs and incomes become less secure,draft (2026-10-05)
crime,crime and violence in people's daily lives increase,crime and violence in people's daily lives decrease,draft (2026-10-05)
war_terror,armed conflict or terrorism affecting the country or region increases,armed conflict or terrorism affecting the country or region decreases,draft (2026-10-05)
health_risk,exposure to illness or strain on health care increases,exposure to illness or strain on health care decreases,draft (2026-10-05)
trust_institutions,"government, business or media come to be seen as more credible and trustworthy","government, business or media come to be seen as less credible and trustworthy",draft (2026-10-05)
community,local communities become more connected and supportive,local communities become less connected and supportive,draft (2026-10-05)
social_division,society becomes more polarised or unfair,society becomes less polarised or unfair,draft (2026-10-05)
tech_pace,technology changes daily life and work faster,technology changes daily life and work more slowly,draft (2026-10-05)
disruption,"travel, power, services, school or work are interrupted more often","travel, power, services, school or work are interrupted less often",draft (2026-10-05)
environment,environmental harm and climate risk increase,environmental harm and climate risk decrease,draft (2026-10-05)
