id,iso2,iso3,region,name,pop_m,median_age,income_k,urban,tech,privacy,social,time,novelty,price,d_prices,d_housing_cost,d_energy_fuel,d_financial_conditions,d_job_security,d_crime,d_war_terror,d_health_risk,d_trust_institutions,d_community,d_social_division,d_tech_pace,d_disruption,d_optimism,source
ind,IN,IND,South Asia,India,1450.9,28.4,7.02,0.357,3.52,3.0,3.0,3.0,3.0,3.0,0.0,0.0,0.0,0.0,0.0,0.0,0.0,0.0,0.0,0.0,0.0,0.0,0.0,0.0,UN WPP 2024 + World Bank WDI; income_k=0.6 x GDP per person PPP (rule); tech=2.4+1.6 x internet use; other traits world default 3.0; dial levels 0 (no data wired)
chn,CN,CHN,East Asia & Pacific,China,1419.3,39.6,17.58,0.663,3.87,3.0,3.0,3.0,3.0,3.0,0.0,0.0,0.0,0.0,0.0,0.0,0.0,0.0,0.0,0.0,0.0,0.0,0.0,0.0,UN WPP 2024 + World Bank WDI; income_k=0.6 x GDP per person PPP (rule); tech=2.4+1.6 x internet use; other traits world default 3.0; dial levels 0 (no data wired)
usa,US,USA,North America,United States,345.4,38.3,54.0,0.802,3.92,3.0,3.0,3.0,3.0,3.0,0.0,0.128,0.138,0.0,-0.02,0.0,0.0,0.0,0.0,0.0,0.0,0.0,0.0,-0.177,UN WPP 2024 + World Bank WDI; income_k=0.6 x GDP per person PPP (rule); tech=2.4+1.6 x internet use; other traits world default 3.0; dial levels from public indices 2026-10-04
idn,ID,IDN,East Asia & Pacific,Indonesia,283.5,30.1,10.62,0.594,3.56,3.0,3.0,3.0,3.0,3.0,0.0,0.0,0.0,0.0,0.0,0.0,0.0,0.0,0.0,0.0,0.0,0.0,0.0,0.0,UN WPP 2024 + World Bank WDI; income_k=0.6 x GDP per person PPP (rule); tech=2.4+1.6 x internet use; other traits world default 3.0; dial levels 0 (no data wired)
pak,PK,PAK,"Middle East, North Africa, Afghanistan & Pakistan",Pakistan,251.3,20.4,3.96,0.395,3.32,3.0,3.0,3.0,3.0,3.0,0.0,0.0,0.0,0.0,0.0,0.0,0.0,0.0,0.0,0.0,0.0,0.0,0.0,0.0,UN WPP 2024 + World Bank WDI; income_k=0.6 x GDP per person PPP (rule); tech=2.4+1.6 x internet use; other traits world default 3.0; dial levels 0 (no data wired)
nga,NG,NGA,Sub-Saharan Africa ,Nigeria,232.7,17.9,5.7,0.638,3.06,3.0,3.0,3.0,3.0,3.0,0.0,0.0,0.0,0.0,0.0,0.0,0.0,0.0,0.0,0.0,0.0,0.0,0.0,0.0,UN WPP 2024 + World Bank WDI; income_k=0.6 x GDP per person PPP (rule); tech=2.4+1.6 x internet use; other traits world default 3.0; dial levels 0 (no data wired)
bra,BR,BRA,Latin America & Caribbean ,Brazil,212.0,34.4,14.04,0.882,3.75,3.0,3.0,3.0,3.0,3.0,0.0,0.0,0.0,0.0,0.0,0.0,0.0,0.0,0.0,0.0,0.0,0.0,0.0,0.0,UN WPP 2024 + World Bank WDI; income_k=0.6 x GDP per person PPP (rule); tech=2.4+1.6 x internet use; other traits world default 3.0; dial levels 0 (no data wired)
bgd,BD,BGD,South Asia,Bangladesh,173.6,25.7,6.12,0.332,3.25,3.0,3.0,3.0,3.0,3.0,0.0,0.0,0.0,0.0,0.0,0.0,0.0,0.0,0.0,0.0,0.0,0.0,0.0,0.0,UN WPP 2024 + World Bank WDI; income_k=0.6 x GDP per person PPP (rule); tech=2.4+1.6 x internet use; other traits world default 3.0; dial levels 0 (no data wired)
rus,RU,RUS,Europe & Central Asia,Russia,144.8,39.9,29.76,0.753,3.91,3.0,3.0,3.0,3.0,3.0,0.0,0.0,0.0,0.0,0.0,0.0,0.0,0.0,0.0,0.0,0.0,0.0,0.0,0.0,UN WPP 2024 + World Bank WDI; income_k=0.6 x GDP per person PPP (rule); tech=2.4+1.6 x internet use; other traits world default 3.0; dial levels 0 (no data wired)
eth,ET,ETH,Sub-Saharan Africa ,Ethiopia,132.1,18.9,2.16,0.241,2.75,3.0,3.0,3.0,3.0,3.0,0.0,0.0,0.0,0.0,0.0,0.0,0.0,0.0,0.0,0.0,0.0,0.0,0.0,0.0,UN WPP 2024 + World Bank WDI; income_k=0.6 x GDP per person PPP (rule); tech=2.4+1.6 x internet use; other traits world default 3.0; dial levels 0 (no data wired)
mex,MX,MEX,Latin America & Caribbean ,Mexico,130.9,29.3,15.54,0.8,3.73,3.0,3.0,3.0,3.0,3.0,0.0,0.0,0.0,0.0,0.0,0.0,0.0,0.0,0.0,0.0,0.0,0.0,0.0,0.0,UN WPP 2024 + World Bank WDI; income_k=0.6 x GDP per person PPP (rule); tech=2.4+1.6 x internet use; other traits world default 3.0; dial levels 0 (no data wired)
jpn,JP,JPN,East Asia & Pacific,Japan,123.8,49.4,33.24,0.923,3.77,3.0,3.0,3.0,3.0,3.0,0.0,0.0,0.0,0.0,0.0,0.0,0.0,0.0,0.0,0.0,0.0,0.0,0.0,0.0,UN WPP 2024 + World Bank WDI; income_k=0.6 x GDP per person PPP (rule); tech=2.4+1.6 x internet use; other traits world default 3.0; dial levels 0 (no data wired)
egy,EG,EGY,"Middle East, North Africa, Afghanistan & Pakistan",Egypt,116.5,24.3,12.12,0.429,3.59,3.0,3.0,3.0,3.0,3.0,0.0,0.0,0.0,0.0,0.0,0.0,0.0,0.0,0.0,0.0,0.0,0.0,0.0,0.0,UN WPP 2024 + World Bank WDI; income_k=0.6 x GDP per person PPP (rule); tech=2.4+1.6 x internet use; other traits world default 3.0; dial levels 0 (no data wired)
phl,PH,PHL,East Asia & Pacific,Philippines,115.8,25.7,7.56,0.558,3.48,3.0,3.0,3.0,3.0,3.0,0.0,0.0,0.0,0.0,0.0,0.0,0.0,0.0,0.0,0.0,0.0,0.0,0.0,0.0,UN WPP 2024 + World Bank WDI; income_k=0.6 x GDP per person PPP (rule); tech=2.4+1.6 x internet use; other traits world default 3.0; dial levels 0 (no data wired)
cod,CD,COD,Sub-Saharan Africa ,Democratic Republic of the Congo,109.3,15.8,1.14,0.451,2.72,3.0,3.0,3.0,3.0,3.0,0.0,0.0,0.0,0.0,0.0,0.0,0.0,0.0,0.0,0.0,0.0,0.0,0.0,0.0,UN WPP 2024 + World Bank WDI; income_k=0.6 x GDP per person PPP (rule); tech=2.4+1.6 x internet use; other traits world default 3.0; dial levels 0 (no data wired)
vnm,VN,VNM,East Asia & Pacific,Vietnam,101.0,32.9,10.86,0.388,3.75,3.0,3.0,3.0,3.0,3.0,0.0,0.0,0.0,0.0,0.0,0.0,0.0,0.0,0.0,0.0,0.0,0.0,0.0,0.0,UN WPP 2024 + World Bank WDI; income_k=0.6 x GDP per person PPP (rule); tech=2.4+1.6 x internet use; other traits world default 3.0; dial levels 0 (no data wired)
irn,IR,IRN,"Middle East, North Africa, Afghanistan & Pakistan",Iran,91.6,33.4,11.82,0.774,3.76,3.0,3.0,3.0,3.0,3.0,0.0,0.0,0.0,0.0,0.0,0.0,0.0,0.0,0.0,0.0,0.0,0.0,0.0,0.0,UN WPP 2024 + World Bank WDI; income_k=0.6 x GDP per person PPP (rule); tech=2.4+1.6 x internet use; other traits world default 3.0; dial levels 0 (no data wired)
tur,TR,TUR,Europe & Central Asia,Türkiye,87.5,33.0,27.18,0.895,3.84,3.0,3.0,3.0,3.0,3.0,0.0,0.0,0.0,0.0,0.0,0.0,0.0,0.0,0.0,0.0,0.0,0.0,0.0,0.0,UN WPP 2024 + World Bank WDI; income_k=0.6 x GDP per person PPP (rule); tech=2.4+1.6 x internet use; other traits world default 3.0; dial levels 0 (no data wired)
deu,DE,DEU,Europe & Central Asia,Germany,84.6,45.3,45.24,0.821,3.9,3.0,3.0,3.0,3.0,3.0,0.0,0.0,0.0,0.0,0.0,0.0,0.0,0.0,0.0,0.0,0.0,0.0,0.0,0.0,UN WPP 2024 + World Bank WDI; income_k=0.6 x GDP per person PPP (rule); tech=2.4+1.6 x internet use; other traits world default 3.0; dial levels 0 (no data wired)
tha,TH,THA,East Asia & Pacific,Thailand,71.7,40.1,15.78,0.628,3.85,3.0,3.0,3.0,3.0,3.0,0.0,0.0,0.0,0.0,0.0,0.0,0.0,0.0,0.0,0.0,0.0,0.0,0.0,0.0,UN WPP 2024 + World Bank WDI; income_k=0.6 x GDP per person PPP (rule); tech=2.4+1.6 x internet use; other traits world default 3.0; dial levels 0 (no data wired)
gbr,GB,GBR,Europe & Central Asia,United Kingdom,69.1,40.0,38.76,0.833,3.93,3.0,3.0,3.0,3.0,3.0,0.0,0.0,0.0,0.0,0.0,0.0,0.0,0.0,0.0,0.0,0.0,0.0,0.0,0.0,UN WPP 2024 + World Bank WDI; income_k=0.6 x GDP per person PPP (rule); tech=2.4+1.6 x internet use; other traits world default 3.0; dial levels 0 (no data wired)
tza,TZ,TZA,Sub-Saharan Africa ,Tanzania,68.6,17.4,2.7,0.369,2.9,3.0,3.0,3.0,3.0,3.0,0.0,0.0,0.0,0.0,0.0,0.0,0.0,0.0,0.0,0.0,0.0,0.0,0.0,0.0,UN WPP 2024 + World Bank WDI; income_k=0.6 x GDP per person PPP (rule); tech=2.4+1.6 x internet use; other traits world default 3.0; dial levels 0 (no data wired)
fra,FR,FRA,Europe & Central Asia,France,66.5,42.1,38.4,0.788,3.82,3.0,3.0,3.0,3.0,3.0,0.0,0.0,0.0,0.0,0.0,0.0,0.0,0.0,0.0,0.0,0.0,0.0,0.0,0.0,UN WPP 2024 + World Bank WDI; income_k=0.6 x GDP per person PPP (rule); tech=2.4+1.6 x internet use; other traits world default 3.0; dial levels 0 (no data wired)
zaf,ZA,ZAF,Sub-Saharan Africa ,South Africa,64.0,28.5,9.54,0.638,3.65,3.0,3.0,3.0,3.0,3.0,0.0,0.0,0.0,0.0,0.0,0.0,0.0,0.0,0.0,0.0,0.0,0.0,0.0,0.0,UN WPP 2024 + World Bank WDI; income_k=0.6 x GDP per person PPP (rule); tech=2.4+1.6 x internet use; other traits world default 3.0; dial levels 0 (no data wired)
ita,IT,ITA,Europe & Central Asia,Italy,59.3,47.8,37.68,0.697,3.83,3.0,3.0,3.0,3.0,3.0,0.0,0.0,0.0,0.0,0.0,0.0,0.0,0.0,0.0,0.0,0.0,0.0,0.0,0.0,UN WPP 2024 + World Bank WDI; income_k=0.6 x GDP per person PPP (rule); tech=2.4+1.6 x internet use; other traits world default 3.0; dial levels 0 (no data wired)
ken,KE,KEN,Sub-Saharan Africa ,Kenya,56.4,19.8,4.2,0.322,2.96,3.0,3.0,3.0,3.0,3.0,0.0,0.0,0.0,0.0,0.0,0.0,0.0,0.0,0.0,0.0,0.0,0.0,0.0,0.0,UN WPP 2024 + World Bank WDI; income_k=0.6 x GDP per person PPP (rule); tech=2.4+1.6 x internet use; other traits world default 3.0; dial levels 0 (no data wired)
mmr,MM,MMR,East Asia & Pacific,Myanmar,54.5,29.8,3.6,0.306,3.13,3.0,3.0,3.0,3.0,3.0,0.0,0.0,0.0,0.0,0.0,0.0,0.0,0.0,0.0,0.0,0.0,0.0,0.0,0.0,UN WPP 2024 + World Bank WDI; income_k=0.6 x GDP per person PPP (rule); tech=2.4+1.6 x internet use; other traits world default 3.0; dial levels 0 (no data wired)
col,CO,COL,Latin America & Caribbean ,Colombia,52.9,32.0,13.56,0.788,3.67,3.0,3.0,3.0,3.0,3.0,0.0,0.0,0.0,0.0,0.0,0.0,0.0,0.0,0.0,0.0,0.0,0.0,0.0,0.0,UN WPP 2024 + World Bank WDI; income_k=0.6 x GDP per person PPP (rule); tech=2.4+1.6 x internet use; other traits world default 3.0; dial levels 0 (no data wired)
kor,KR,KOR,East Asia & Pacific,South Korea,51.7,45.0,37.86,0.812,3.97,3.0,3.0,3.0,3.0,3.0,0.0,0.0,0.0,0.0,0.0,0.0,0.0,0.0,0.0,0.0,0.0,0.0,0.0,0.0,UN WPP 2024 + World Bank WDI; income_k=0.6 x GDP per person PPP (rule); tech=2.4+1.6 x internet use; other traits world default 3.0; dial levels 0 (no data wired)
sdn,SD,SDN,Sub-Saharan Africa ,Sudan,50.4,18.4,1.32,0.349,2.7,3.0,3.0,3.0,3.0,3.0,0.0,0.0,0.0,0.0,0.0,0.0,0.0,0.0,0.0,0.0,0.0,0.0,0.0,0.0,UN WPP 2024 + World Bank WDI; income_k=0.6 x GDP per person PPP (rule); tech=2.4+1.6 x internet use; other traits world default 3.0; dial levels 0 (no data wired)
uga,UG,UGA,Sub-Saharan Africa ,Uganda,50.0,16.7,2.1,0.319,2.54,3.0,3.0,3.0,3.0,3.0,0.0,0.0,0.0,0.0,0.0,0.0,0.0,0.0,0.0,0.0,0.0,0.0,0.0,0.0,UN WPP 2024 + World Bank WDI; income_k=0.6 x GDP per person PPP (rule); tech=2.4+1.6 x internet use; other traits world default 3.0; dial levels 0 (no data wired)
esp,ES,ESP,Europe & Central Asia,Spain,47.9,45.4,35.94,0.805,3.93,3.0,3.0,3.0,3.0,3.0,0.0,0.0,0.0,0.0,0.0,0.0,0.0,0.0,0.0,0.0,0.0,0.0,0.0,0.0,UN WPP 2024 + World Bank WDI; income_k=0.6 x GDP per person PPP (rule); tech=2.4+1.6 x internet use; other traits world default 3.0; dial levels 0 (no data wired)
dza,DZ,DZA,"Middle East, North Africa, Afghanistan & Pakistan",Algeria,46.8,28.4,11.16,0.758,3.64,3.0,3.0,3.0,3.0,3.0,0.0,0.0,0.0,0.0,0.0,0.0,0.0,0.0,0.0,0.0,0.0,0.0,0.0,0.0,UN WPP 2024 + World Bank WDI; income_k=0.6 x GDP per person PPP (rule); tech=2.4+1.6 x internet use; other traits world default 3.0; dial levels 0 (no data wired)
irq,IQ,IRQ,"Middle East, North Africa, Afghanistan & Pakistan",Iraq,46.0,20.6,8.58,0.699,3.7,3.0,3.0,3.0,3.0,3.0,0.0,0.0,0.0,0.0,0.0,0.0,0.0,0.0,0.0,0.0,0.0,0.0,0.0,0.0,UN WPP 2024 + World Bank WDI; income_k=0.6 x GDP per person PPP (rule); tech=2.4+1.6 x internet use; other traits world default 3.0; dial levels 0 (no data wired)
arg,AR,ARG,Latin America & Caribbean ,Argentina,45.7,32.5,19.56,0.924,3.84,3.0,3.0,3.0,3.0,3.0,0.0,0.0,0.0,0.0,0.0,0.0,0.0,0.0,0.0,0.0,0.0,0.0,0.0,0.0,UN WPP 2024 + World Bank WDI; income_k=0.6 x GDP per person PPP (rule); tech=2.4+1.6 x internet use; other traits world default 3.0; dial levels 0 (no data wired)
afg,AF,AFG,"Middle East, North Africa, Afghanistan & Pakistan",Afghanistan,42.6,17.1,1.32,0.259,2.66,3.0,3.0,3.0,3.0,3.0,0.0,0.0,0.0,0.0,0.0,0.0,0.0,0.0,0.0,0.0,0.0,0.0,0.0,0.0,UN WPP 2024 + World Bank WDI; income_k=0.6 x GDP per person PPP (rule); tech=2.4+1.6 x internet use; other traits world default 3.0; dial levels 0 (no data wired)
yem,YE,YEM,"Middle East, North Africa, Afghanistan & Pakistan",Yemen,40.6,18.3,1.92,0.37,2.68,3.0,3.0,3.0,3.0,3.0,0.0,0.0,0.0,0.0,0.0,0.0,0.0,0.0,0.0,0.0,0.0,0.0,0.0,0.0,UN WPP 2024 + World Bank WDI; income_k=0.6 x GDP per person PPP (rule); tech=2.4+1.6 x internet use; other traits world default 3.0; dial levels 0 (no data wired)
can,CA,CAN,North America,Canada,39.7,40.5,40.02,0.829,3.91,3.0,3.0,3.0,3.0,3.0,0.0,0.0,0.0,0.0,0.0,0.0,0.0,0.0,0.0,0.0,0.0,0.0,0.0,0.0,UN WPP 2024 + World Bank WDI; income_k=0.6 x GDP per person PPP (rule); tech=2.4+1.6 x internet use; other traits world default 3.0; dial levels 0 (no data wired)
pol,PL,POL,Europe & Central Asia,Poland,38.5,41.8,32.58,0.601,3.82,3.0,3.0,3.0,3.0,3.0,0.0,0.0,0.0,0.0,0.0,0.0,0.0,0.0,0.0,0.0,0.0,0.0,0.0,0.0,UN WPP 2024 + World Bank WDI; income_k=0.6 x GDP per person PPP (rule); tech=2.4+1.6 x internet use; other traits world default 3.0; dial levels 0 (no data wired)
mar,MA,MAR,"Middle East, North Africa, Afghanistan & Pakistan",Morocco,38.1,29.5,6.66,0.631,3.86,3.0,3.0,3.0,3.0,3.0,0.0,0.0,0.0,0.0,0.0,0.0,0.0,0.0,0.0,0.0,0.0,0.0,0.0,0.0,UN WPP 2024 + World Bank WDI; income_k=0.6 x GDP per person PPP (rule); tech=2.4+1.6 x internet use; other traits world default 3.0; dial levels 0 (no data wired)
ago,AO,AGO,Sub-Saharan Africa ,Angola,37.9,16.5,6.18,0.715,3.05,3.0,3.0,3.0,3.0,3.0,0.0,0.0,0.0,0.0,0.0,0.0,0.0,0.0,0.0,0.0,0.0,0.0,0.0,0.0,UN WPP 2024 + World Bank WDI; income_k=0.6 x GDP per person PPP (rule); tech=2.4+1.6 x internet use; other traits world default 3.0; dial levels 0 (no data wired)
ukr,UA,UKR,Europe & Central Asia,Ukraine,37.9,42.1,11.34,0.696,3.72,3.0,3.0,3.0,3.0,3.0,0.0,0.0,0.0,0.0,0.0,0.0,0.0,0.0,0.0,0.0,0.0,0.0,0.0,0.0,UN WPP 2024 + World Bank WDI; income_k=0.6 x GDP per person PPP (rule); tech=2.4+1.6 x internet use; other traits world default 3.0; dial levels 0 (no data wired)
uzb,UZ,UZB,Europe & Central Asia,Uzbekistan,36.4,27.0,8.16,0.51,3.83,3.0,3.0,3.0,3.0,3.0,0.0,0.0,0.0,0.0,0.0,0.0,0.0,0.0,0.0,0.0,0.0,0.0,0.0,0.0,UN WPP 2024 + World Bank WDI; income_k=0.6 x GDP per person PPP (rule); tech=2.4+1.6 x internet use; other traits world default 3.0; dial levels 0 (no data wired)
mys,MY,MYS,East Asia & Pacific,Malaysia,35.6,30.5,24.9,0.774,3.97,3.0,3.0,3.0,3.0,3.0,0.0,0.0,0.0,0.0,0.0,0.0,0.0,0.0,0.0,0.0,0.0,0.0,0.0,0.0,UN WPP 2024 + World Bank WDI; income_k=0.6 x GDP per person PPP (rule); tech=2.4+1.6 x internet use; other traits world default 3.0; dial levels 0 (no data wired)
moz,MZ,MOZ,Sub-Saharan Africa ,Mozambique,34.6,16.4,1.02,0.372,2.73,3.0,3.0,3.0,3.0,3.0,0.0,0.0,0.0,0.0,0.0,0.0,0.0,0.0,0.0,0.0,0.0,0.0,0.0,0.0,UN WPP 2024 + World Bank WDI; income_k=0.6 x GDP per person PPP (rule); tech=2.4+1.6 x internet use; other traits world default 3.0; dial levels 0 (no data wired)
gha,GH,GHA,Sub-Saharan Africa ,Ghana,34.4,21.1,5.16,0.589,3.56,3.0,3.0,3.0,3.0,3.0,0.0,0.0,0.0,0.0,0.0,0.0,0.0,0.0,0.0,0.0,0.0,0.0,0.0,0.0,UN WPP 2024 + World Bank WDI; income_k=0.6 x GDP per person PPP (rule); tech=2.4+1.6 x internet use; other traits world default 3.0; dial levels 0 (no data wired)
per,PE,PER,Latin America & Caribbean ,Peru,34.2,29.8,11.28,0.856,3.71,3.0,3.0,3.0,3.0,3.0,0.0,0.0,0.0,0.0,0.0,0.0,0.0,0.0,0.0,0.0,0.0,0.0,0.0,0.0,UN WPP 2024 + World Bank WDI; income_k=0.6 x GDP per person PPP (rule); tech=2.4+1.6 x internet use; other traits world default 3.0; dial levels 0 (no data wired)
sau,SA,SAU,"Middle East, North Africa, Afghanistan & Pakistan",Saudi Arabia,34.0,29.6,44.28,0.846,4.0,3.0,3.0,3.0,3.0,3.0,0.0,0.0,0.0,0.0,0.0,0.0,0.0,0.0,0.0,0.0,0.0,0.0,0.0,0.0,UN WPP 2024 + World Bank WDI; income_k=0.6 x GDP per person PPP (rule); tech=2.4+1.6 x internet use; other traits world default 3.0; dial levels 0 (no data wired)
mdg,MG,MDG,Sub-Saharan Africa ,Madagascar,32.0,19.0,1.2,0.329,2.7,3.0,3.0,3.0,3.0,3.0,0.0,0.0,0.0,0.0,0.0,0.0,0.0,0.0,0.0,0.0,0.0,0.0,0.0,0.0,UN WPP 2024 + World Bank WDI; income_k=0.6 x GDP per person PPP (rule); tech=2.4+1.6 x internet use; other traits world default 3.0; dial levels 0 (no data wired)
civ,CI,CIV,Sub-Saharan Africa ,Ivory Coast,31.9,18.2,4.92,0.545,3.06,3.0,3.0,3.0,3.0,3.0,0.0,0.0,0.0,0.0,0.0,0.0,0.0,0.0,0.0,0.0,0.0,0.0,0.0,0.0,UN WPP 2024 + World Bank WDI; income_k=0.6 x GDP per person PPP (rule); tech=2.4+1.6 x internet use; other traits world default 3.0; dial levels 0 (no data wired)
npl,NP,NPL,South Asia,Nepal,29.7,25.0,3.72,0.67,3.14,3.0,3.0,3.0,3.0,3.0,0.0,0.0,0.0,0.0,0.0,0.0,0.0,0.0,0.0,0.0,0.0,0.0,0.0,0.0,UN WPP 2024 + World Bank WDI; income_k=0.6 x GDP per person PPP (rule); tech=2.4+1.6 x internet use; other traits world default 3.0; dial levels 0 (no data wired)
cmr,CM,CMR,Sub-Saharan Africa ,Cameroon,29.1,17.9,3.48,0.557,3.14,3.0,3.0,3.0,3.0,3.0,0.0,0.0,0.0,0.0,0.0,0.0,0.0,0.0,0.0,0.0,0.0,0.0,0.0,0.0,UN WPP 2024 + World Bank WDI; income_k=0.6 x GDP per person PPP (rule); tech=2.4+1.6 x internet use; other traits world default 3.0; dial levels 0 (no data wired)
ven,VE,VEN,Latin America & Caribbean ,Venezuela,28.4,29.2,12.78,0.893,3.63,3.0,3.0,3.0,3.0,3.0,0.0,0.0,0.0,0.0,0.0,0.0,0.0,0.0,0.0,0.0,0.0,0.0,0.0,0.0,UN WPP 2024 + World Bank WDI; income_k=0.6 x GDP per person PPP (rule); tech=2.4+1.6 x internet use; other traits world default 3.0; dial levels 0 (no data wired)
ner,NE,NER,Sub-Saharan Africa ,Niger,27.0,15.4,1.32,0.184,2.65,3.0,3.0,3.0,3.0,3.0,0.0,0.0,0.0,0.0,0.0,0.0,0.0,0.0,0.0,0.0,0.0,0.0,0.0,0.0,UN WPP 2024 + World Bank WDI; income_k=0.6 x GDP per person PPP (rule); tech=2.4+1.6 x internet use; other traits world default 3.0; dial levels 0 (no data wired)
aus,AU,AUS,East Asia & Pacific,Australia,26.7,38.0,43.14,0.877,3.94,3.0,3.0,3.0,3.0,3.0,0.0,0.0,0.0,0.0,0.0,0.0,0.0,0.0,0.0,0.0,0.0,0.0,0.0,0.0,UN WPP 2024 + World Bank WDI; income_k=0.6 x GDP per person PPP (rule); tech=2.4+1.6 x internet use; other traits world default 3.0; dial levels 0 (no data wired)
prk,KP,PRK,East Asia & Pacific,North Korea,26.5,36.3,9.12,0.642,2.4,3.0,3.0,3.0,3.0,3.0,0.0,0.0,0.0,0.0,0.0,0.0,0.0,0.0,0.0,0.0,0.0,0.0,0.0,0.0,UN WPP 2024 + World Bank WDI; income_k=0.6 x GDP per person PPP (rule); tech=2.4+1.6 x internet use; other traits world default 3.0; filled from median: gdp_pc_ppp_k; dial levels 0 (no data wired)
syr,SY,SYR,"Middle East, North Africa, Afghanistan & Pakistan",Syria,24.7,22.8,2.94,0.721,2.94,3.0,3.0,3.0,3.0,3.0,0.0,0.0,0.0,0.0,0.0,0.0,0.0,0.0,0.0,0.0,0.0,0.0,0.0,0.0,UN WPP 2024 + World Bank WDI; income_k=0.6 x GDP per person PPP (rule); tech=2.4+1.6 x internet use; other traits world default 3.0; dial levels 0 (no data wired)
mli,ML,MLI,Sub-Saharan Africa ,Mali,24.5,15.6,2.1,0.322,2.99,3.0,3.0,3.0,3.0,3.0,0.0,0.0,0.0,0.0,0.0,0.0,0.0,0.0,0.0,0.0,0.0,0.0,0.0,0.0,UN WPP 2024 + World Bank WDI; income_k=0.6 x GDP per person PPP (rule); tech=2.4+1.6 x internet use; other traits world default 3.0; dial levels 0 (no data wired)
bfa,BF,BFA,Sub-Saharan Africa ,Burkina Faso,23.5,17.5,1.86,0.289,2.85,3.0,3.0,3.0,3.0,3.0,0.0,0.0,0.0,0.0,0.0,0.0,0.0,0.0,0.0,0.0,0.0,0.0,0.0,0.0,UN WPP 2024 + World Bank WDI; income_k=0.6 x GDP per person PPP (rule); tech=2.4+1.6 x internet use; other traits world default 3.0; dial levels 0 (no data wired)
twn,TW,TWN,East Asia & Pacific,Taiwan,23.2,44.2,9.12,0.628,3.63,3.0,3.0,3.0,3.0,3.0,0.0,0.0,0.0,0.0,0.0,0.0,0.0,0.0,0.0,0.0,0.0,0.0,0.0,0.0,"UN WPP 2024 + World Bank WDI; income_k=0.6 x GDP per person PPP (rule); tech=2.4+1.6 x internet use; other traits world default 3.0; filled from median: urban, gdp_pc_ppp_k, internet; dial levels 0 (no data wired)"
lka,LK,LKA,South Asia,Sri Lanka,23.1,33.1,10.26,0.205,3.27,3.0,3.0,3.0,3.0,3.0,0.0,0.0,0.0,0.0,0.0,0.0,0.0,0.0,0.0,0.0,0.0,0.0,0.0,0.0,UN WPP 2024 + World Bank WDI; income_k=0.6 x GDP per person PPP (rule); tech=2.4+1.6 x internet use; other traits world default 3.0; dial levels 0 (no data wired)
mwi,MW,MWI,Sub-Saharan Africa ,Malawi,21.7,17.8,1.14,0.176,2.7,3.0,3.0,3.0,3.0,3.0,0.0,0.0,0.0,0.0,0.0,0.0,0.0,0.0,0.0,0.0,0.0,0.0,0.0,0.0,UN WPP 2024 + World Bank WDI; income_k=0.6 x GDP per person PPP (rule); tech=2.4+1.6 x internet use; other traits world default 3.0; dial levels 0 (no data wired)
zmb,ZM,ZMB,Sub-Saharan Africa ,Zambia,21.3,17.7,2.64,0.459,2.67,3.0,3.0,3.0,3.0,3.0,0.0,0.0,0.0,0.0,0.0,0.0,0.0,0.0,0.0,0.0,0.0,0.0,0.0,0.0,UN WPP 2024 + World Bank WDI; income_k=0.6 x GDP per person PPP (rule); tech=2.4+1.6 x internet use; other traits world default 3.0; dial levels 0 (no data wired)
kaz,KZ,KAZ,Europe & Central Asia,Kazakhstan,20.6,29.6,26.58,0.624,3.89,3.0,3.0,3.0,3.0,3.0,0.0,0.0,0.0,0.0,0.0,0.0,0.0,0.0,0.0,0.0,0.0,0.0,0.0,0.0,UN WPP 2024 + World Bank WDI; income_k=0.6 x GDP per person PPP (rule); tech=2.4+1.6 x internet use; other traits world default 3.0; dial levels 0 (no data wired)
tcd,TD,TCD,Sub-Saharan Africa ,Chad,20.3,15.7,1.74,0.276,2.6,3.0,3.0,3.0,3.0,3.0,0.0,0.0,0.0,0.0,0.0,0.0,0.0,0.0,0.0,0.0,0.0,0.0,0.0,0.0,UN WPP 2024 + World Bank WDI; income_k=0.6 x GDP per person PPP (rule); tech=2.4+1.6 x internet use; other traits world default 3.0; dial levels 0 (no data wired)
chl,CL,CHL,Latin America & Caribbean ,Chile,19.8,36.4,22.68,0.892,3.93,3.0,3.0,3.0,3.0,3.0,0.0,0.0,0.0,0.0,0.0,0.0,0.0,0.0,0.0,0.0,0.0,0.0,0.0,0.0,UN WPP 2024 + World Bank WDI; income_k=0.6 x GDP per person PPP (rule); tech=2.4+1.6 x internet use; other traits world default 3.0; dial levels 0 (no data wired)
rou,RO,ROU,Europe & Central Asia,Romania,19.0,42.9,30.54,0.522,3.86,3.0,3.0,3.0,3.0,3.0,0.0,0.0,0.0,0.0,0.0,0.0,0.0,0.0,0.0,0.0,0.0,0.0,0.0,0.0,UN WPP 2024 + World Bank WDI; income_k=0.6 x GDP per person PPP (rule); tech=2.4+1.6 x internet use; other traits world default 3.0; dial levels 0 (no data wired)
som,SO,SOM,Sub-Saharan Africa ,Somalia,19.0,15.5,0.96,0.551,2.85,3.0,3.0,3.0,3.0,3.0,0.0,0.0,0.0,0.0,0.0,0.0,0.0,0.0,0.0,0.0,0.0,0.0,0.0,0.0,UN WPP 2024 + World Bank WDI; income_k=0.6 x GDP per person PPP (rule); tech=2.4+1.6 x internet use; other traits world default 3.0; dial levels 0 (no data wired)
sen,SN,SEN,Sub-Saharan Africa ,Senegal,18.5,19.4,3.3,0.558,3.36,3.0,3.0,3.0,3.0,3.0,0.0,0.0,0.0,0.0,0.0,0.0,0.0,0.0,0.0,0.0,0.0,0.0,0.0,0.0,UN WPP 2024 + World Bank WDI; income_k=0.6 x GDP per person PPP (rule); tech=2.4+1.6 x internet use; other traits world default 3.0; dial levels 0 (no data wired)
gtm,GT,GTM,Latin America & Caribbean ,Guatemala,18.4,23.0,9.12,0.563,3.36,3.0,3.0,3.0,3.0,3.0,0.0,0.0,0.0,0.0,0.0,0.0,0.0,0.0,0.0,0.0,0.0,0.0,0.0,0.0,UN WPP 2024 + World Bank WDI; income_k=0.6 x GDP per person PPP (rule); tech=2.4+1.6 x internet use; other traits world default 3.0; dial levels 0 (no data wired)
nld,NL,NLD,Europe & Central Asia,Netherlands,18.2,41.4,52.38,0.959,3.95,3.0,3.0,3.0,3.0,3.0,0.0,0.0,0.0,0.0,0.0,0.0,0.0,0.0,0.0,0.0,0.0,0.0,0.0,0.0,UN WPP 2024 + World Bank WDI; income_k=0.6 x GDP per person PPP (rule); tech=2.4+1.6 x internet use; other traits world default 3.0; dial levels 0 (no data wired)
ecu,EC,ECU,Latin America & Caribbean ,Ecuador,18.1,28.8,10.08,0.634,3.64,3.0,3.0,3.0,3.0,3.0,0.0,0.0,0.0,0.0,0.0,0.0,0.0,0.0,0.0,0.0,0.0,0.0,0.0,0.0,UN WPP 2024 + World Bank WDI; income_k=0.6 x GDP per person PPP (rule); tech=2.4+1.6 x internet use; other traits world default 3.0; dial levels 0 (no data wired)
khm,KH,KHM,East Asia & Pacific,Cambodia,17.6,26.0,5.1,0.411,3.5,3.0,3.0,3.0,3.0,3.0,0.0,0.0,0.0,0.0,0.0,0.0,0.0,0.0,0.0,0.0,0.0,0.0,0.0,0.0,UN WPP 2024 + World Bank WDI; income_k=0.6 x GDP per person PPP (rule); tech=2.4+1.6 x internet use; other traits world default 3.0; dial levels 0 (no data wired)
zwe,ZW,ZWE,Sub-Saharan Africa ,Zimbabwe,16.6,18.0,3.9,0.405,3.07,3.0,3.0,3.0,3.0,3.0,0.0,0.0,0.0,0.0,0.0,0.0,0.0,0.0,0.0,0.0,0.0,0.0,0.0,0.0,UN WPP 2024 + World Bank WDI; income_k=0.6 x GDP per person PPP (rule); tech=2.4+1.6 x internet use; other traits world default 3.0; dial levels 0 (no data wired)
gin,GN,GIN,Sub-Saharan Africa ,Guinea,14.8,18.1,2.94,0.385,2.93,3.0,3.0,3.0,3.0,3.0,0.0,0.0,0.0,0.0,0.0,0.0,0.0,0.0,0.0,0.0,0.0,0.0,0.0,0.0,UN WPP 2024 + World Bank WDI; income_k=0.6 x GDP per person PPP (rule); tech=2.4+1.6 x internet use; other traits world default 3.0; dial levels 0 (no data wired)
ben,BJ,BEN,Sub-Saharan Africa ,Benin,14.5,17.9,2.88,0.534,2.94,3.0,3.0,3.0,3.0,3.0,0.0,0.0,0.0,0.0,0.0,0.0,0.0,0.0,0.0,0.0,0.0,0.0,0.0,0.0,UN WPP 2024 + World Bank WDI; income_k=0.6 x GDP per person PPP (rule); tech=2.4+1.6 x internet use; other traits world default 3.0; dial levels 0 (no data wired)
rwa,RW,RWA,Sub-Saharan Africa ,Rwanda,14.3,19.7,2.52,0.309,2.91,3.0,3.0,3.0,3.0,3.0,0.0,0.0,0.0,0.0,0.0,0.0,0.0,0.0,0.0,0.0,0.0,0.0,0.0,0.0,UN WPP 2024 + World Bank WDI; income_k=0.6 x GDP per person PPP (rule); tech=2.4+1.6 x internet use; other traits world default 3.0; dial levels 0 (no data wired)
bdi,BI,BDI,Sub-Saharan Africa ,Burundi,14.0,16.1,0.72,0.257,2.54,3.0,3.0,3.0,3.0,3.0,0.0,0.0,0.0,0.0,0.0,0.0,0.0,0.0,0.0,0.0,0.0,0.0,0.0,0.0,UN WPP 2024 + World Bank WDI; income_k=0.6 x GDP per person PPP (rule); tech=2.4+1.6 x internet use; other traits world default 3.0; dial levels 0 (no data wired)
bol,BO,BOL,Latin America & Caribbean ,Bolivia,12.4,24.9,7.74,0.716,3.68,3.0,3.0,3.0,3.0,3.0,0.0,0.0,0.0,0.0,0.0,0.0,0.0,0.0,0.0,0.0,0.0,0.0,0.0,0.0,UN WPP 2024 + World Bank WDI; income_k=0.6 x GDP per person PPP (rule); tech=2.4+1.6 x internet use; other traits world default 3.0; dial levels 0 (no data wired)
tun,TN,TUN,"Middle East, North Africa, Afghanistan & Pakistan",Tunisia,12.3,32.5,9.12,0.707,3.62,3.0,3.0,3.0,3.0,3.0,0.0,0.0,0.0,0.0,0.0,0.0,0.0,0.0,0.0,0.0,0.0,0.0,0.0,0.0,UN WPP 2024 + World Bank WDI; income_k=0.6 x GDP per person PPP (rule); tech=2.4+1.6 x internet use; other traits world default 3.0; dial levels 0 (no data wired)
ssd,SS,SSD,Sub-Saharan Africa ,South Sudan,11.9,18.3,0.72,0.217,2.51,3.0,3.0,3.0,3.0,3.0,0.0,0.0,0.0,0.0,0.0,0.0,0.0,0.0,0.0,0.0,0.0,0.0,0.0,0.0,UN WPP 2024 + World Bank WDI; income_k=0.6 x GDP per person PPP (rule); tech=2.4+1.6 x internet use; other traits world default 3.0; dial levels 0 (no data wired)
hti,HT,HTI,Latin America & Caribbean ,Haiti,11.8,23.8,1.86,0.556,3.17,3.0,3.0,3.0,3.0,3.0,0.0,0.0,0.0,0.0,0.0,0.0,0.0,0.0,0.0,0.0,0.0,0.0,0.0,0.0,UN WPP 2024 + World Bank WDI; income_k=0.6 x GDP per person PPP (rule); tech=2.4+1.6 x internet use; other traits world default 3.0; dial levels 0 (no data wired)
bel,BE,BEL,Europe & Central Asia,Belgium,11.7,41.7,44.82,0.877,3.93,3.0,3.0,3.0,3.0,3.0,0.0,0.0,0.0,0.0,0.0,0.0,0.0,0.0,0.0,0.0,0.0,0.0,0.0,0.0,UN WPP 2024 + World Bank WDI; income_k=0.6 x GDP per person PPP (rule); tech=2.4+1.6 x internet use; other traits world default 3.0; dial levels 0 (no data wired)
jor,JO,JOR,"Middle East, North Africa, Afghanistan & Pakistan",Jordan,11.6,24.5,7.56,0.932,3.93,3.0,3.0,3.0,3.0,3.0,0.0,0.0,0.0,0.0,0.0,0.0,0.0,0.0,0.0,0.0,0.0,0.0,0.0,0.0,UN WPP 2024 + World Bank WDI; income_k=0.6 x GDP per person PPP (rule); tech=2.4+1.6 x internet use; other traits world default 3.0; dial levels 0 (no data wired)
dom,DO,DOM,Latin America & Caribbean ,Dominican Republic,11.4,28.0,17.22,0.725,3.86,3.0,3.0,3.0,3.0,3.0,0.0,0.0,0.0,0.0,0.0,0.0,0.0,0.0,0.0,0.0,0.0,0.0,0.0,0.0,UN WPP 2024 + World Bank WDI; income_k=0.6 x GDP per person PPP (rule); tech=2.4+1.6 x internet use; other traits world default 3.0; dial levels 0 (no data wired)
are,AE,ARE,"Middle East, North Africa, Afghanistan & Pakistan",United Arab Emirates,11.0,31.6,47.58,0.86,4.0,3.0,3.0,3.0,3.0,3.0,0.0,0.0,0.0,0.0,0.0,0.0,0.0,0.0,0.0,0.0,0.0,0.0,0.0,0.0,UN WPP 2024 + World Bank WDI; income_k=0.6 x GDP per person PPP (rule); tech=2.4+1.6 x internet use; other traits world default 3.0; dial levels 0 (no data wired)
cub,CU,CUB,Latin America & Caribbean ,Cuba,11.0,41.9,9.12,0.772,3.53,3.0,3.0,3.0,3.0,3.0,0.0,0.0,0.0,0.0,0.0,0.0,0.0,0.0,0.0,0.0,0.0,0.0,0.0,0.0,UN WPP 2024 + World Bank WDI; income_k=0.6 x GDP per person PPP (rule); tech=2.4+1.6 x internet use; other traits world default 3.0; filled from median: gdp_pc_ppp_k; dial levels 0 (no data wired)
hnd,HN,HND,Latin America & Caribbean ,Honduras,10.8,23.9,4.74,0.593,3.34,3.0,3.0,3.0,3.0,3.0,0.0,0.0,0.0,0.0,0.0,0.0,0.0,0.0,0.0,0.0,0.0,0.0,0.0,0.0,UN WPP 2024 + World Bank WDI; income_k=0.6 x GDP per person PPP (rule); tech=2.4+1.6 x internet use; other traits world default 3.0; dial levels 0 (no data wired)
cze,CZ,CZE,Europe & Central Asia,Czechia,10.7,43.2,36.3,0.729,3.8,3.0,3.0,3.0,3.0,3.0,0.0,0.0,0.0,0.0,0.0,0.0,0.0,0.0,0.0,0.0,0.0,0.0,0.0,0.0,UN WPP 2024 + World Bank WDI; income_k=0.6 x GDP per person PPP (rule); tech=2.4+1.6 x internet use; other traits world default 3.0; dial levels 0 (no data wired)
swe,SE,SWE,Europe & Central Asia,Sweden,10.6,40.1,43.5,0.891,3.93,3.0,3.0,3.0,3.0,3.0,0.0,0.0,0.0,0.0,0.0,0.0,0.0,0.0,0.0,0.0,0.0,0.0,0.0,0.0,UN WPP 2024 + World Bank WDI; income_k=0.6 x GDP per person PPP (rule); tech=2.4+1.6 x internet use; other traits world default 3.0; dial levels 0 (no data wired)
tjk,TJ,TJK,Europe & Central Asia,Tajikistan,10.6,22.1,3.54,0.262,3.29,3.0,3.0,3.0,3.0,3.0,0.0,0.0,0.0,0.0,0.0,0.0,0.0,0.0,0.0,0.0,0.0,0.0,0.0,0.0,UN WPP 2024 + World Bank WDI; income_k=0.6 x GDP per person PPP (rule); tech=2.4+1.6 x internet use; other traits world default 3.0; dial levels 0 (no data wired)
png,PG,PNG,East Asia & Pacific,Papua New Guinea,10.6,22.6,3.12,0.158,2.7,3.0,3.0,3.0,3.0,3.0,0.0,0.0,0.0,0.0,0.0,0.0,0.0,0.0,0.0,0.0,0.0,0.0,0.0,0.0,UN WPP 2024 + World Bank WDI; income_k=0.6 x GDP per person PPP (rule); tech=2.4+1.6 x internet use; other traits world default 3.0; dial levels 0 (no data wired)
prt,PT,PRT,Europe & Central Asia,Portugal,10.4,46.6,31.86,0.615,3.82,3.0,3.0,3.0,3.0,3.0,0.0,0.0,0.0,0.0,0.0,0.0,0.0,0.0,0.0,0.0,0.0,0.0,0.0,0.0,UN WPP 2024 + World Bank WDI; income_k=0.6 x GDP per person PPP (rule); tech=2.4+1.6 x internet use; other traits world default 3.0; dial levels 0 (no data wired)
aze,AZ,AZE,Europe & Central Asia,Azerbaijan,10.3,33.1,15.66,0.586,3.85,3.0,3.0,3.0,3.0,3.0,0.0,0.0,0.0,0.0,0.0,0.0,0.0,0.0,0.0,0.0,0.0,0.0,0.0,0.0,UN WPP 2024 + World Bank WDI; income_k=0.6 x GDP per person PPP (rule); tech=2.4+1.6 x internet use; other traits world default 3.0; dial levels 0 (no data wired)
grc,GR,GRC,Europe & Central Asia,Greece,10.0,46.3,27.18,0.792,3.78,3.0,3.0,3.0,3.0,3.0,0.0,0.0,0.0,0.0,0.0,0.0,0.0,0.0,0.0,0.0,0.0,0.0,0.0,0.0,UN WPP 2024 + World Bank WDI; income_k=0.6 x GDP per person PPP (rule); tech=2.4+1.6 x internet use; other traits world default 3.0; dial levels 0 (no data wired)
hun,HU,HUN,Europe & Central Asia,Hungary,9.7,43.6,29.88,0.707,3.9,3.0,3.0,3.0,3.0,3.0,0.0,0.0,0.0,0.0,0.0,0.0,0.0,0.0,0.0,0.0,0.0,0.0,0.0,0.0,UN WPP 2024 + World Bank WDI; income_k=0.6 x GDP per person PPP (rule); tech=2.4+1.6 x internet use; other traits world default 3.0; dial levels 0 (no data wired)
tgo,TG,TGO,Sub-Saharan Africa ,Togo,9.5,18.9,2.46,0.444,3.03,3.0,3.0,3.0,3.0,3.0,0.0,0.0,0.0,0.0,0.0,0.0,0.0,0.0,0.0,0.0,0.0,0.0,0.0,0.0,UN WPP 2024 + World Bank WDI; income_k=0.6 x GDP per person PPP (rule); tech=2.4+1.6 x internet use; other traits world default 3.0; dial levels 0 (no data wired)
isr,IL,ISR,"Middle East, North Africa, Afghanistan & Pakistan",Israel,9.4,29.2,35.82,0.916,3.81,3.0,3.0,3.0,3.0,3.0,0.0,0.0,0.0,0.0,0.0,0.0,0.0,0.0,0.0,0.0,0.0,0.0,0.0,0.0,UN WPP 2024 + World Bank WDI; income_k=0.6 x GDP per person PPP (rule); tech=2.4+1.6 x internet use; other traits world default 3.0; dial levels 0 (no data wired)
aut,AT,AUT,Europe & Central Asia,Austria,9.1,43.4,46.08,0.697,3.87,3.0,3.0,3.0,3.0,3.0,0.0,0.0,0.0,0.0,0.0,0.0,0.0,0.0,0.0,0.0,0.0,0.0,0.0,0.0,UN WPP 2024 + World Bank WDI; income_k=0.6 x GDP per person PPP (rule); tech=2.4+1.6 x internet use; other traits world default 3.0; dial levels 0 (no data wired)
blr,BY,BLR,Europe & Central Asia,Belarus,9.1,40.9,20.82,0.795,3.91,3.0,3.0,3.0,3.0,3.0,0.0,0.0,0.0,0.0,0.0,0.0,0.0,0.0,0.0,0.0,0.0,0.0,0.0,0.0,UN WPP 2024 + World Bank WDI; income_k=0.6 x GDP per person PPP (rule); tech=2.4+1.6 x internet use; other traits world default 3.0; dial levels 0 (no data wired)
