id,iso3,name,pop_m,median_age,urban,gdp_pc_ppp_k,internet,age65,age0_14,source
ind,IND,India,1450.9,28.4,0.357,11.7,0.7,0.074,0.242,"UN WPP 2024 (population, median age, year 2024); World Bank WDI latest 2019-2024 (urban SP.URB.TOTL.IN.ZS, GDP/person PPP NY.GDP.PCAP.PP.CD, internet IT.NET.USER.ZS, ages 65+ SP.POP.65UP.TO.ZS, ages 0-14 SP.POP.0014.TO.ZS)"
chn,CHN,China,1419.3,39.6,0.663,29.3,0.916,0.149,0.154,"UN WPP 2024 (population, median age, year 2024); World Bank WDI latest 2019-2024 (urban SP.URB.TOTL.IN.ZS, GDP/person PPP NY.GDP.PCAP.PP.CD, internet IT.NET.USER.ZS, ages 65+ SP.POP.65UP.TO.ZS, ages 0-14 SP.POP.0014.TO.ZS)"
usa,USA,United States of America,345.4,38.3,0.802,90.0,0.947,0.184,0.171,"UN WPP 2024 (population, median age, year 2024); World Bank WDI latest 2019-2024 (urban SP.URB.TOTL.IN.ZS, GDP/person PPP NY.GDP.PCAP.PP.CD, internet IT.NET.USER.ZS, ages 65+ SP.POP.65UP.TO.ZS, ages 0-14 SP.POP.0014.TO.ZS)"
idn,IDN,Indonesia,283.5,30.1,0.594,17.7,0.728,0.075,0.242,"UN WPP 2024 (population, median age, year 2024); World Bank WDI latest 2019-2024 (urban SP.URB.TOTL.IN.ZS, GDP/person PPP NY.GDP.PCAP.PP.CD, internet IT.NET.USER.ZS, ages 65+ SP.POP.65UP.TO.ZS, ages 0-14 SP.POP.0014.TO.ZS)"
pak,PAK,Pakistan,251.3,20.4,0.395,6.6,0.573,0.044,0.362,"UN WPP 2024 (population, median age, year 2024); World Bank WDI latest 2019-2024 (urban SP.URB.TOTL.IN.ZS, GDP/person PPP NY.GDP.PCAP.PP.CD, internet IT.NET.USER.ZS, ages 65+ SP.POP.65UP.TO.ZS, ages 0-14 SP.POP.0014.TO.ZS)"
nga,NGA,Nigeria,232.7,17.9,0.638,9.5,0.412,0.031,0.405,"UN WPP 2024 (population, median age, year 2024); World Bank WDI latest 2019-2024 (urban SP.URB.TOTL.IN.ZS, GDP/person PPP NY.GDP.PCAP.PP.CD, internet IT.NET.USER.ZS, ages 65+ SP.POP.65UP.TO.ZS, ages 0-14 SP.POP.0014.TO.ZS)"
bra,BRA,Brazil,212.0,34.4,0.882,23.4,0.845,0.115,0.194,"UN WPP 2024 (population, median age, year 2024); World Bank WDI latest 2019-2024 (urban SP.URB.TOTL.IN.ZS, GDP/person PPP NY.GDP.PCAP.PP.CD, internet IT.NET.USER.ZS, ages 65+ SP.POP.65UP.TO.ZS, ages 0-14 SP.POP.0014.TO.ZS)"
bgd,BGD,Bangladesh,173.6,25.7,0.332,10.2,0.534,0.067,0.276,"UN WPP 2024 (population, median age, year 2024); World Bank WDI latest 2019-2024 (urban SP.URB.TOTL.IN.ZS, GDP/person PPP NY.GDP.PCAP.PP.CD, internet IT.NET.USER.ZS, ages 65+ SP.POP.65UP.TO.ZS, ages 0-14 SP.POP.0014.TO.ZS)"
rus,RUS,Russian Federation,144.8,39.9,0.753,49.6,0.944,0.178,0.17,"UN WPP 2024 (population, median age, year 2024); World Bank WDI latest 2019-2024 (urban SP.URB.TOTL.IN.ZS, GDP/person PPP NY.GDP.PCAP.PP.CD, internet IT.NET.USER.ZS, ages 65+ SP.POP.65UP.TO.ZS, ages 0-14 SP.POP.0014.TO.ZS)"
eth,ETH,Ethiopia,132.1,18.9,0.241,3.6,0.219,0.033,0.388,"UN WPP 2024 (population, median age, year 2024); World Bank WDI latest 2019-2024 (urban SP.URB.TOTL.IN.ZS, GDP/person PPP NY.GDP.PCAP.PP.CD, internet IT.NET.USER.ZS, ages 65+ SP.POP.65UP.TO.ZS, ages 0-14 SP.POP.0014.TO.ZS)"
mex,MEX,Mexico,130.9,29.3,0.8,25.9,0.831,0.085,0.241,"UN WPP 2024 (population, median age, year 2024); World Bank WDI latest 2019-2024 (urban SP.URB.TOTL.IN.ZS, GDP/person PPP NY.GDP.PCAP.PP.CD, internet IT.NET.USER.ZS, ages 65+ SP.POP.65UP.TO.ZS, ages 0-14 SP.POP.0014.TO.ZS)"
jpn,JPN,Japan,123.8,49.4,0.923,55.4,0.855,0.3,0.112,"UN WPP 2024 (population, median age, year 2024); World Bank WDI latest 2019-2024 (urban SP.URB.TOTL.IN.ZS, GDP/person PPP NY.GDP.PCAP.PP.CD, internet IT.NET.USER.ZS, ages 65+ SP.POP.65UP.TO.ZS, ages 0-14 SP.POP.0014.TO.ZS)"
egy,EGY,Egypt,116.5,24.3,0.429,20.2,0.746,0.053,0.316,"UN WPP 2024 (population, median age, year 2024); World Bank WDI latest 2019-2024 (urban SP.URB.TOTL.IN.ZS, GDP/person PPP NY.GDP.PCAP.PP.CD, internet IT.NET.USER.ZS, ages 65+ SP.POP.65UP.TO.ZS, ages 0-14 SP.POP.0014.TO.ZS)"
phl,PHL,Philippines,115.8,25.7,0.558,12.6,0.673,0.057,0.271,"UN WPP 2024 (population, median age, year 2024); World Bank WDI latest 2019-2024 (urban SP.URB.TOTL.IN.ZS, GDP/person PPP NY.GDP.PCAP.PP.CD, internet IT.NET.USER.ZS, ages 65+ SP.POP.65UP.TO.ZS, ages 0-14 SP.POP.0014.TO.ZS)"
cod,COD,Democratic Republic of the Congo,109.3,15.8,0.451,1.9,0.197,0.031,0.459,"UN WPP 2024 (population, median age, year 2024); World Bank WDI latest 2019-2024 (urban SP.URB.TOTL.IN.ZS, GDP/person PPP NY.GDP.PCAP.PP.CD, internet IT.NET.USER.ZS, ages 65+ SP.POP.65UP.TO.ZS, ages 0-14 SP.POP.0014.TO.ZS)"
vnm,VNM,Viet Nam,101.0,32.9,0.388,18.1,0.842,0.095,0.229,"UN WPP 2024 (population, median age, year 2024); World Bank WDI latest 2019-2024 (urban SP.URB.TOTL.IN.ZS, GDP/person PPP NY.GDP.PCAP.PP.CD, internet IT.NET.USER.ZS, ages 65+ SP.POP.65UP.TO.ZS, ages 0-14 SP.POP.0014.TO.ZS)"
irn,IRN,Iran (Islamic Republic of),91.6,33.4,0.774,19.7,0.853,0.086,0.22,"UN WPP 2024 (population, median age, year 2024); World Bank WDI latest 2019-2024 (urban SP.URB.TOTL.IN.ZS, GDP/person PPP NY.GDP.PCAP.PP.CD, internet IT.NET.USER.ZS, ages 65+ SP.POP.65UP.TO.ZS, ages 0-14 SP.POP.0014.TO.ZS)"
tur,TUR,Türkiye,87.5,33.0,0.895,45.3,0.898,0.106,0.21,"UN WPP 2024 (population, median age, year 2024); World Bank WDI latest 2019-2024 (urban SP.URB.TOTL.IN.ZS, GDP/person PPP NY.GDP.PCAP.PP.CD, internet IT.NET.USER.ZS, ages 65+ SP.POP.65UP.TO.ZS, ages 0-14 SP.POP.0014.TO.ZS)"
deu,DEU,Germany,84.6,45.3,0.821,75.4,0.935,0.237,0.139,"UN WPP 2024 (population, median age, year 2024); World Bank WDI latest 2019-2024 (urban SP.URB.TOTL.IN.ZS, GDP/person PPP NY.GDP.PCAP.PP.CD, internet IT.NET.USER.ZS, ages 65+ SP.POP.65UP.TO.ZS, ages 0-14 SP.POP.0014.TO.ZS)"
tha,THA,Thailand,71.7,40.1,0.628,26.3,0.909,0.16,0.144,"UN WPP 2024 (population, median age, year 2024); World Bank WDI latest 2019-2024 (urban SP.URB.TOTL.IN.ZS, GDP/person PPP NY.GDP.PCAP.PP.CD, internet IT.NET.USER.ZS, ages 65+ SP.POP.65UP.TO.ZS, ages 0-14 SP.POP.0014.TO.ZS)"
gbr,GBR,United Kingdom,69.1,40.0,0.833,64.6,0.955,0.197,0.17,"UN WPP 2024 (population, median age, year 2024); World Bank WDI latest 2019-2024 (urban SP.URB.TOTL.IN.ZS, GDP/person PPP NY.GDP.PCAP.PP.CD, internet IT.NET.USER.ZS, ages 65+ SP.POP.65UP.TO.ZS, ages 0-14 SP.POP.0014.TO.ZS)"
tza,TZA,United Republic of Tanzania,68.6,17.4,0.369,4.5,0.312,0.03,0.423,"UN WPP 2024 (population, median age, year 2024); World Bank WDI latest 2019-2024 (urban SP.URB.TOTL.IN.ZS, GDP/person PPP NY.GDP.PCAP.PP.CD, internet IT.NET.USER.ZS, ages 65+ SP.POP.65UP.TO.ZS, ages 0-14 SP.POP.0014.TO.ZS)"
fra,FRA,France,66.5,42.1,0.788,64.0,0.887,0.225,0.162,"UN WPP 2024 (population, median age, year 2024); World Bank WDI latest 2019-2024 (urban SP.URB.TOTL.IN.ZS, GDP/person PPP NY.GDP.PCAP.PP.CD, internet IT.NET.USER.ZS, ages 65+ SP.POP.65UP.TO.ZS, ages 0-14 SP.POP.0014.TO.ZS)"
zaf,ZAF,South Africa,64.0,28.5,0.638,15.9,0.784,0.069,0.257,"UN WPP 2024 (population, median age, year 2024); World Bank WDI latest 2019-2024 (urban SP.URB.TOTL.IN.ZS, GDP/person PPP NY.GDP.PCAP.PP.CD, internet IT.NET.USER.ZS, ages 65+ SP.POP.65UP.TO.ZS, ages 0-14 SP.POP.0014.TO.ZS)"
ita,ITA,Italy,59.3,47.8,0.697,62.8,0.892,0.251,0.117,"UN WPP 2024 (population, median age, year 2024); World Bank WDI latest 2019-2024 (urban SP.URB.TOTL.IN.ZS, GDP/person PPP NY.GDP.PCAP.PP.CD, internet IT.NET.USER.ZS, ages 65+ SP.POP.65UP.TO.ZS, ages 0-14 SP.POP.0014.TO.ZS)"
ken,KEN,Kenya,56.4,19.8,0.322,7.0,0.35,0.03,0.363,"UN WPP 2024 (population, median age, year 2024); World Bank WDI latest 2019-2024 (urban SP.URB.TOTL.IN.ZS, GDP/person PPP NY.GDP.PCAP.PP.CD, internet IT.NET.USER.ZS, ages 65+ SP.POP.65UP.TO.ZS, ages 0-14 SP.POP.0014.TO.ZS)"
mmr,MMR,Myanmar,54.5,29.8,0.306,6.0,0.454,0.075,0.241,"UN WPP 2024 (population, median age, year 2024); World Bank WDI latest 2019-2024 (urban SP.URB.TOTL.IN.ZS, GDP/person PPP NY.GDP.PCAP.PP.CD, internet IT.NET.USER.ZS, ages 65+ SP.POP.65UP.TO.ZS, ages 0-14 SP.POP.0014.TO.ZS)"
col,COL,Colombia,52.9,32.0,0.788,22.6,0.793,0.102,0.2,"UN WPP 2024 (population, median age, year 2024); World Bank WDI latest 2019-2024 (urban SP.URB.TOTL.IN.ZS, GDP/person PPP NY.GDP.PCAP.PP.CD, internet IT.NET.USER.ZS, ages 65+ SP.POP.65UP.TO.ZS, ages 0-14 SP.POP.0014.TO.ZS)"
kor,KOR,Republic of Korea,51.7,45.0,0.812,63.1,0.979,0.203,0.102,"UN WPP 2024 (population, median age, year 2024); World Bank WDI latest 2019-2024 (urban SP.URB.TOTL.IN.ZS, GDP/person PPP NY.GDP.PCAP.PP.CD, internet IT.NET.USER.ZS, ages 65+ SP.POP.65UP.TO.ZS, ages 0-14 SP.POP.0014.TO.ZS)"
sdn,SDN,Sudan,50.4,18.4,0.349,2.2,0.186,0.034,0.402,"UN WPP 2024 (population, median age, year 2024); World Bank WDI latest 2019-2024 (urban SP.URB.TOTL.IN.ZS, GDP/person PPP NY.GDP.PCAP.PP.CD, internet IT.NET.USER.ZS, ages 65+ SP.POP.65UP.TO.ZS, ages 0-14 SP.POP.0014.TO.ZS)"
uga,UGA,Uganda,50.0,16.7,0.319,3.5,0.089,0.022,0.431,"UN WPP 2024 (population, median age, year 2024); World Bank WDI latest 2019-2024 (urban SP.URB.TOTL.IN.ZS, GDP/person PPP NY.GDP.PCAP.PP.CD, internet IT.NET.USER.ZS, ages 65+ SP.POP.65UP.TO.ZS, ages 0-14 SP.POP.0014.TO.ZS)"
esp,ESP,Spain,47.9,45.4,0.805,59.9,0.958,0.216,0.126,"UN WPP 2024 (population, median age, year 2024); World Bank WDI latest 2019-2024 (urban SP.URB.TOTL.IN.ZS, GDP/person PPP NY.GDP.PCAP.PP.CD, internet IT.NET.USER.ZS, ages 65+ SP.POP.65UP.TO.ZS, ages 0-14 SP.POP.0014.TO.ZS)"
dza,DZA,Algeria,46.8,28.4,0.758,18.6,0.774,0.068,0.299,"UN WPP 2024 (population, median age, year 2024); World Bank WDI latest 2019-2024 (urban SP.URB.TOTL.IN.ZS, GDP/person PPP NY.GDP.PCAP.PP.CD, internet IT.NET.USER.ZS, ages 65+ SP.POP.65UP.TO.ZS, ages 0-14 SP.POP.0014.TO.ZS)"
irq,IRQ,Iraq,46.0,20.6,0.699,14.3,0.815,0.034,0.36,"UN WPP 2024 (population, median age, year 2024); World Bank WDI latest 2019-2024 (urban SP.URB.TOTL.IN.ZS, GDP/person PPP NY.GDP.PCAP.PP.CD, internet IT.NET.USER.ZS, ages 65+ SP.POP.65UP.TO.ZS, ages 0-14 SP.POP.0014.TO.ZS)"
arg,ARG,Argentina,45.7,32.5,0.924,32.6,0.897,0.126,0.21,"UN WPP 2024 (population, median age, year 2024); World Bank WDI latest 2019-2024 (urban SP.URB.TOTL.IN.ZS, GDP/person PPP NY.GDP.PCAP.PP.CD, internet IT.NET.USER.ZS, ages 65+ SP.POP.65UP.TO.ZS, ages 0-14 SP.POP.0014.TO.ZS)"
afg,AFG,Afghanistan,42.6,17.1,0.259,2.2,0.161,0.024,0.426,"UN WPP 2024 (population, median age, year 2024); World Bank WDI latest 2019-2024 (urban SP.URB.TOTL.IN.ZS, GDP/person PPP NY.GDP.PCAP.PP.CD, internet IT.NET.USER.ZS, ages 65+ SP.POP.65UP.TO.ZS, ages 0-14 SP.POP.0014.TO.ZS)"
yem,YEM,Yemen,40.6,18.3,0.37,3.2,0.175,0.025,0.41,"UN WPP 2024 (population, median age, year 2024); World Bank WDI latest 2019-2024 (urban SP.URB.TOTL.IN.ZS, GDP/person PPP NY.GDP.PCAP.PP.CD, internet IT.NET.USER.ZS, ages 65+ SP.POP.65UP.TO.ZS, ages 0-14 SP.POP.0014.TO.ZS)"
can,CAN,Canada,39.7,40.5,0.829,66.7,0.944,0.203,0.15,"UN WPP 2024 (population, median age, year 2024); World Bank WDI latest 2019-2024 (urban SP.URB.TOTL.IN.ZS, GDP/person PPP NY.GDP.PCAP.PP.CD, internet IT.NET.USER.ZS, ages 65+ SP.POP.65UP.TO.ZS, ages 0-14 SP.POP.0014.TO.ZS)"
pol,POL,Poland,38.5,41.8,0.601,54.3,0.886,0.208,0.145,"UN WPP 2024 (population, median age, year 2024); World Bank WDI latest 2019-2024 (urban SP.URB.TOTL.IN.ZS, GDP/person PPP NY.GDP.PCAP.PP.CD, internet IT.NET.USER.ZS, ages 65+ SP.POP.65UP.TO.ZS, ages 0-14 SP.POP.0014.TO.ZS)"
mar,MAR,Morocco,38.1,29.5,0.631,11.1,0.912,0.085,0.252,"UN WPP 2024 (population, median age, year 2024); World Bank WDI latest 2019-2024 (urban SP.URB.TOTL.IN.ZS, GDP/person PPP NY.GDP.PCAP.PP.CD, internet IT.NET.USER.ZS, ages 65+ SP.POP.65UP.TO.ZS, ages 0-14 SP.POP.0014.TO.ZS)"
ago,AGO,Angola,37.9,16.5,0.715,10.3,0.407,0.029,0.441,"UN WPP 2024 (population, median age, year 2024); World Bank WDI latest 2019-2024 (urban SP.URB.TOTL.IN.ZS, GDP/person PPP NY.GDP.PCAP.PP.CD, internet IT.NET.USER.ZS, ages 65+ SP.POP.65UP.TO.ZS, ages 0-14 SP.POP.0014.TO.ZS)"
ukr,UKR,Ukraine,37.9,42.1,0.696,18.9,0.825,0.19,0.137,"UN WPP 2024 (population, median age, year 2024); World Bank WDI latest 2019-2024 (urban SP.URB.TOTL.IN.ZS, GDP/person PPP NY.GDP.PCAP.PP.CD, internet IT.NET.USER.ZS, ages 65+ SP.POP.65UP.TO.ZS, ages 0-14 SP.POP.0014.TO.ZS)"
uzb,UZB,Uzbekistan,36.4,27.0,0.51,13.6,0.895,0.061,0.313,"UN WPP 2024 (population, median age, year 2024); World Bank WDI latest 2019-2024 (urban SP.URB.TOTL.IN.ZS, GDP/person PPP NY.GDP.PCAP.PP.CD, internet IT.NET.USER.ZS, ages 65+ SP.POP.65UP.TO.ZS, ages 0-14 SP.POP.0014.TO.ZS)"
mys,MYS,Malaysia,35.6,30.5,0.774,41.5,0.98,0.08,0.213,"UN WPP 2024 (population, median age, year 2024); World Bank WDI latest 2019-2024 (urban SP.URB.TOTL.IN.ZS, GDP/person PPP NY.GDP.PCAP.PP.CD, internet IT.NET.USER.ZS, ages 65+ SP.POP.65UP.TO.ZS, ages 0-14 SP.POP.0014.TO.ZS)"
moz,MOZ,Mozambique,34.6,16.4,0.372,1.7,0.205,0.027,0.442,"UN WPP 2024 (population, median age, year 2024); World Bank WDI latest 2019-2024 (urban SP.URB.TOTL.IN.ZS, GDP/person PPP NY.GDP.PCAP.PP.CD, internet IT.NET.USER.ZS, ages 65+ SP.POP.65UP.TO.ZS, ages 0-14 SP.POP.0014.TO.ZS)"
gha,GHA,Ghana,34.4,21.1,0.589,8.6,0.722,0.038,0.354,"UN WPP 2024 (population, median age, year 2024); World Bank WDI latest 2019-2024 (urban SP.URB.TOTL.IN.ZS, GDP/person PPP NY.GDP.PCAP.PP.CD, internet IT.NET.USER.ZS, ages 65+ SP.POP.65UP.TO.ZS, ages 0-14 SP.POP.0014.TO.ZS)"
per,PER,Peru,34.2,29.8,0.856,18.8,0.82,0.095,0.236,"UN WPP 2024 (population, median age, year 2024); World Bank WDI latest 2019-2024 (urban SP.URB.TOTL.IN.ZS, GDP/person PPP NY.GDP.PCAP.PP.CD, internet IT.NET.USER.ZS, ages 65+ SP.POP.65UP.TO.ZS, ages 0-14 SP.POP.0014.TO.ZS)"
sau,SAU,Saudi Arabia,34.0,29.6,0.846,73.8,1.0,0.031,0.236,"UN WPP 2024 (population, median age, year 2024); World Bank WDI latest 2019-2024 (urban SP.URB.TOTL.IN.ZS, GDP/person PPP NY.GDP.PCAP.PP.CD, internet IT.NET.USER.ZS, ages 65+ SP.POP.65UP.TO.ZS, ages 0-14 SP.POP.0014.TO.ZS)"
mdg,MDG,Madagascar,32.0,19.0,0.329,2.0,0.187,0.035,0.389,"UN WPP 2024 (population, median age, year 2024); World Bank WDI latest 2019-2024 (urban SP.URB.TOTL.IN.ZS, GDP/person PPP NY.GDP.PCAP.PP.CD, internet IT.NET.USER.ZS, ages 65+ SP.POP.65UP.TO.ZS, ages 0-14 SP.POP.0014.TO.ZS)"
civ,CIV,Côte d'Ivoire,31.9,18.2,0.545,8.2,0.414,0.027,0.405,"UN WPP 2024 (population, median age, year 2024); World Bank WDI latest 2019-2024 (urban SP.URB.TOTL.IN.ZS, GDP/person PPP NY.GDP.PCAP.PP.CD, internet IT.NET.USER.ZS, ages 65+ SP.POP.65UP.TO.ZS, ages 0-14 SP.POP.0014.TO.ZS)"
npl,NPL,Nepal,29.7,25.0,0.67,6.2,0.463,0.066,0.281,"UN WPP 2024 (population, median age, year 2024); World Bank WDI latest 2019-2024 (urban SP.URB.TOTL.IN.ZS, GDP/person PPP NY.GDP.PCAP.PP.CD, internet IT.NET.USER.ZS, ages 65+ SP.POP.65UP.TO.ZS, ages 0-14 SP.POP.0014.TO.ZS)"
cmr,CMR,Cameroon,29.1,17.9,0.557,5.8,0.463,0.028,0.411,"UN WPP 2024 (population, median age, year 2024); World Bank WDI latest 2019-2024 (urban SP.URB.TOTL.IN.ZS, GDP/person PPP NY.GDP.PCAP.PP.CD, internet IT.NET.USER.ZS, ages 65+ SP.POP.65UP.TO.ZS, ages 0-14 SP.POP.0014.TO.ZS)"
ven,VEN,Venezuela (Bolivarian Republic of),28.4,29.2,0.893,21.3,0.767,0.1,0.249,"UN WPP 2024 (population, median age, year 2024); World Bank WDI latest 2019-2024 (urban SP.URB.TOTL.IN.ZS, GDP/person PPP NY.GDP.PCAP.PP.CD, internet IT.NET.USER.ZS, ages 65+ SP.POP.65UP.TO.ZS, ages 0-14 SP.POP.0014.TO.ZS)"
ner,NER,Niger,27.0,15.4,0.184,2.2,0.156,0.026,0.462,"UN WPP 2024 (population, median age, year 2024); World Bank WDI latest 2019-2024 (urban SP.URB.TOTL.IN.ZS, GDP/person PPP NY.GDP.PCAP.PP.CD, internet IT.NET.USER.ZS, ages 65+ SP.POP.65UP.TO.ZS, ages 0-14 SP.POP.0014.TO.ZS)"
aus,AUS,Australia,26.7,38.0,0.877,71.9,0.961,0.181,0.177,"UN WPP 2024 (population, median age, year 2024); World Bank WDI latest 2019-2024 (urban SP.URB.TOTL.IN.ZS, GDP/person PPP NY.GDP.PCAP.PP.CD, internet IT.NET.USER.ZS, ages 65+ SP.POP.65UP.TO.ZS, ages 0-14 SP.POP.0014.TO.ZS)"
prk,PRK,Dem. People's Republic of Korea,26.5,36.3,0.642,,0.0,0.127,0.189,"UN WPP 2024 (population, median age, year 2024); World Bank WDI latest 2019-2024 (urban SP.URB.TOTL.IN.ZS, GDP/person PPP NY.GDP.PCAP.PP.CD, internet IT.NET.USER.ZS, ages 65+ SP.POP.65UP.TO.ZS, ages 0-14 SP.POP.0014.TO.ZS)"
syr,SYR,Syrian Arab Republic,24.7,22.8,0.721,4.9,0.338,0.048,0.284,"UN WPP 2024 (population, median age, year 2024); World Bank WDI latest 2019-2024 (urban SP.URB.TOTL.IN.ZS, GDP/person PPP NY.GDP.PCAP.PP.CD, internet IT.NET.USER.ZS, ages 65+ SP.POP.65UP.TO.ZS, ages 0-14 SP.POP.0014.TO.ZS)"
mli,MLI,Mali,24.5,15.6,0.322,3.5,0.368,0.024,0.458,"UN WPP 2024 (population, median age, year 2024); World Bank WDI latest 2019-2024 (urban SP.URB.TOTL.IN.ZS, GDP/person PPP NY.GDP.PCAP.PP.CD, internet IT.NET.USER.ZS, ages 65+ SP.POP.65UP.TO.ZS, ages 0-14 SP.POP.0014.TO.ZS)"
bfa,BFA,Burkina Faso,23.5,17.5,0.289,3.1,0.283,0.027,0.412,"UN WPP 2024 (population, median age, year 2024); World Bank WDI latest 2019-2024 (urban SP.URB.TOTL.IN.ZS, GDP/person PPP NY.GDP.PCAP.PP.CD, internet IT.NET.USER.ZS, ages 65+ SP.POP.65UP.TO.ZS, ages 0-14 SP.POP.0014.TO.ZS)"
twn,TWN,"China, Taiwan Province of China",23.2,44.2,,,,,,"UN WPP 2024 (population, median age, year 2024); World Bank WDI latest 2019-2024 (urban SP.URB.TOTL.IN.ZS, GDP/person PPP NY.GDP.PCAP.PP.CD, internet IT.NET.USER.ZS, ages 65+ SP.POP.65UP.TO.ZS, ages 0-14 SP.POP.0014.TO.ZS)"
lka,LKA,Sri Lanka,23.1,33.1,0.205,17.1,0.546,0.125,0.217,"UN WPP 2024 (population, median age, year 2024); World Bank WDI latest 2019-2024 (urban SP.URB.TOTL.IN.ZS, GDP/person PPP NY.GDP.PCAP.PP.CD, internet IT.NET.USER.ZS, ages 65+ SP.POP.65UP.TO.ZS, ages 0-14 SP.POP.0014.TO.ZS)"
mwi,MWI,Malawi,21.7,17.8,0.176,1.9,0.19,0.026,0.401,"UN WPP 2024 (population, median age, year 2024); World Bank WDI latest 2019-2024 (urban SP.URB.TOTL.IN.ZS, GDP/person PPP NY.GDP.PCAP.PP.CD, internet IT.NET.USER.ZS, ages 65+ SP.POP.65UP.TO.ZS, ages 0-14 SP.POP.0014.TO.ZS)"
zmb,ZMB,Zambia,21.3,17.7,0.459,4.4,0.171,0.02,0.41,"UN WPP 2024 (population, median age, year 2024); World Bank WDI latest 2019-2024 (urban SP.URB.TOTL.IN.ZS, GDP/person PPP NY.GDP.PCAP.PP.CD, internet IT.NET.USER.ZS, ages 65+ SP.POP.65UP.TO.ZS, ages 0-14 SP.POP.0014.TO.ZS)"
kaz,KAZ,Kazakhstan,20.6,29.6,0.624,44.3,0.934,0.09,0.291,"UN WPP 2024 (population, median age, year 2024); World Bank WDI latest 2019-2024 (urban SP.URB.TOTL.IN.ZS, GDP/person PPP NY.GDP.PCAP.PP.CD, internet IT.NET.USER.ZS, ages 65+ SP.POP.65UP.TO.ZS, ages 0-14 SP.POP.0014.TO.ZS)"
tcd,TCD,Chad,20.3,15.7,0.276,2.9,0.126,0.021,0.46,"UN WPP 2024 (population, median age, year 2024); World Bank WDI latest 2019-2024 (urban SP.URB.TOTL.IN.ZS, GDP/person PPP NY.GDP.PCAP.PP.CD, internet IT.NET.USER.ZS, ages 65+ SP.POP.65UP.TO.ZS, ages 0-14 SP.POP.0014.TO.ZS)"
chl,CHL,Chile,19.8,36.4,0.892,37.8,0.956,0.146,0.165,"UN WPP 2024 (population, median age, year 2024); World Bank WDI latest 2019-2024 (urban SP.URB.TOTL.IN.ZS, GDP/person PPP NY.GDP.PCAP.PP.CD, internet IT.NET.USER.ZS, ages 65+ SP.POP.65UP.TO.ZS, ages 0-14 SP.POP.0014.TO.ZS)"
rou,ROU,Romania,19.0,42.9,0.522,50.9,0.913,0.201,0.156,"UN WPP 2024 (population, median age, year 2024); World Bank WDI latest 2019-2024 (urban SP.URB.TOTL.IN.ZS, GDP/person PPP NY.GDP.PCAP.PP.CD, internet IT.NET.USER.ZS, ages 65+ SP.POP.65UP.TO.ZS, ages 0-14 SP.POP.0014.TO.ZS)"
som,SOM,Somalia,19.0,15.5,0.551,1.6,0.279,0.026,0.466,"UN WPP 2024 (population, median age, year 2024); World Bank WDI latest 2019-2024 (urban SP.URB.TOTL.IN.ZS, GDP/person PPP NY.GDP.PCAP.PP.CD, internet IT.NET.USER.ZS, ages 65+ SP.POP.65UP.TO.ZS, ages 0-14 SP.POP.0014.TO.ZS)"
sen,SEN,Senegal,18.5,19.4,0.558,5.5,0.601,0.036,0.377,"UN WPP 2024 (population, median age, year 2024); World Bank WDI latest 2019-2024 (urban SP.URB.TOTL.IN.ZS, GDP/person PPP NY.GDP.PCAP.PP.CD, internet IT.NET.USER.ZS, ages 65+ SP.POP.65UP.TO.ZS, ages 0-14 SP.POP.0014.TO.ZS)"
gtm,GTM,Guatemala,18.4,23.0,0.563,15.2,0.602,0.05,0.31,"UN WPP 2024 (population, median age, year 2024); World Bank WDI latest 2019-2024 (urban SP.URB.TOTL.IN.ZS, GDP/person PPP NY.GDP.PCAP.PP.CD, internet IT.NET.USER.ZS, ages 65+ SP.POP.65UP.TO.ZS, ages 0-14 SP.POP.0014.TO.ZS)"
nld,NLD,Netherlands,18.2,41.4,0.959,87.3,0.97,0.209,0.149,"UN WPP 2024 (population, median age, year 2024); World Bank WDI latest 2019-2024 (urban SP.URB.TOTL.IN.ZS, GDP/person PPP NY.GDP.PCAP.PP.CD, internet IT.NET.USER.ZS, ages 65+ SP.POP.65UP.TO.ZS, ages 0-14 SP.POP.0014.TO.ZS)"
ecu,ECU,Ecuador,18.1,28.8,0.634,16.8,0.772,0.086,0.239,"UN WPP 2024 (population, median age, year 2024); World Bank WDI latest 2019-2024 (urban SP.URB.TOTL.IN.ZS, GDP/person PPP NY.GDP.PCAP.PP.CD, internet IT.NET.USER.ZS, ages 65+ SP.POP.65UP.TO.ZS, ages 0-14 SP.POP.0014.TO.ZS)"
khm,KHM,Cambodia,17.6,26.0,0.411,8.5,0.685,0.064,0.295,"UN WPP 2024 (population, median age, year 2024); World Bank WDI latest 2019-2024 (urban SP.URB.TOTL.IN.ZS, GDP/person PPP NY.GDP.PCAP.PP.CD, internet IT.NET.USER.ZS, ages 65+ SP.POP.65UP.TO.ZS, ages 0-14 SP.POP.0014.TO.ZS)"
zwe,ZWE,Zimbabwe,16.6,18.0,0.405,6.5,0.416,0.036,0.403,"UN WPP 2024 (population, median age, year 2024); World Bank WDI latest 2019-2024 (urban SP.URB.TOTL.IN.ZS, GDP/person PPP NY.GDP.PCAP.PP.CD, internet IT.NET.USER.ZS, ages 65+ SP.POP.65UP.TO.ZS, ages 0-14 SP.POP.0014.TO.ZS)"
gin,GIN,Guinea,14.8,18.1,0.385,4.9,0.333,0.035,0.405,"UN WPP 2024 (population, median age, year 2024); World Bank WDI latest 2019-2024 (urban SP.URB.TOTL.IN.ZS, GDP/person PPP NY.GDP.PCAP.PP.CD, internet IT.NET.USER.ZS, ages 65+ SP.POP.65UP.TO.ZS, ages 0-14 SP.POP.0014.TO.ZS)"
ben,BEN,Benin,14.5,17.9,0.534,4.8,0.34,0.032,0.413,"UN WPP 2024 (population, median age, year 2024); World Bank WDI latest 2019-2024 (urban SP.URB.TOTL.IN.ZS, GDP/person PPP NY.GDP.PCAP.PP.CD, internet IT.NET.USER.ZS, ages 65+ SP.POP.65UP.TO.ZS, ages 0-14 SP.POP.0014.TO.ZS)"
rwa,RWA,Rwanda,14.3,19.7,0.309,4.2,0.317,0.04,0.37,"UN WPP 2024 (population, median age, year 2024); World Bank WDI latest 2019-2024 (urban SP.URB.TOTL.IN.ZS, GDP/person PPP NY.GDP.PCAP.PP.CD, internet IT.NET.USER.ZS, ages 65+ SP.POP.65UP.TO.ZS, ages 0-14 SP.POP.0014.TO.ZS)"
bdi,BDI,Burundi,14.0,16.1,0.257,1.2,0.086,0.025,0.44,"UN WPP 2024 (population, median age, year 2024); World Bank WDI latest 2019-2024 (urban SP.URB.TOTL.IN.ZS, GDP/person PPP NY.GDP.PCAP.PP.CD, internet IT.NET.USER.ZS, ages 65+ SP.POP.65UP.TO.ZS, ages 0-14 SP.POP.0014.TO.ZS)"
bol,BOL,Bolivia (Plurinational State of),12.4,24.9,0.716,12.9,0.797,0.057,0.294,"UN WPP 2024 (population, median age, year 2024); World Bank WDI latest 2019-2024 (urban SP.URB.TOTL.IN.ZS, GDP/person PPP NY.GDP.PCAP.PP.CD, internet IT.NET.USER.ZS, ages 65+ SP.POP.65UP.TO.ZS, ages 0-14 SP.POP.0014.TO.ZS)"
tun,TUN,Tunisia,12.3,32.5,0.707,15.2,0.765,0.099,0.236,"UN WPP 2024 (population, median age, year 2024); World Bank WDI latest 2019-2024 (urban SP.URB.TOTL.IN.ZS, GDP/person PPP NY.GDP.PCAP.PP.CD, internet IT.NET.USER.ZS, ages 65+ SP.POP.65UP.TO.ZS, ages 0-14 SP.POP.0014.TO.ZS)"
ssd,SSD,South Sudan,11.9,18.3,0.217,1.2,0.067,0.031,0.38,"UN WPP 2024 (population, median age, year 2024); World Bank WDI latest 2019-2024 (urban SP.URB.TOTL.IN.ZS, GDP/person PPP NY.GDP.PCAP.PP.CD, internet IT.NET.USER.ZS, ages 65+ SP.POP.65UP.TO.ZS, ages 0-14 SP.POP.0014.TO.ZS)"
hti,HTI,Haiti,11.8,23.8,0.556,3.1,0.479,0.048,0.308,"UN WPP 2024 (population, median age, year 2024); World Bank WDI latest 2019-2024 (urban SP.URB.TOTL.IN.ZS, GDP/person PPP NY.GDP.PCAP.PP.CD, internet IT.NET.USER.ZS, ages 65+ SP.POP.65UP.TO.ZS, ages 0-14 SP.POP.0014.TO.ZS)"
bel,BEL,Belgium,11.7,41.7,0.877,74.7,0.958,0.21,0.157,"UN WPP 2024 (population, median age, year 2024); World Bank WDI latest 2019-2024 (urban SP.URB.TOTL.IN.ZS, GDP/person PPP NY.GDP.PCAP.PP.CD, internet IT.NET.USER.ZS, ages 65+ SP.POP.65UP.TO.ZS, ages 0-14 SP.POP.0014.TO.ZS)"
jor,JOR,Jordan,11.6,24.5,0.932,12.6,0.956,0.048,0.302,"UN WPP 2024 (population, median age, year 2024); World Bank WDI latest 2019-2024 (urban SP.URB.TOTL.IN.ZS, GDP/person PPP NY.GDP.PCAP.PP.CD, internet IT.NET.USER.ZS, ages 65+ SP.POP.65UP.TO.ZS, ages 0-14 SP.POP.0014.TO.ZS)"
dom,DOM,Dominican Republic,11.4,28.0,0.725,28.7,0.91,0.082,0.262,"UN WPP 2024 (population, median age, year 2024); World Bank WDI latest 2019-2024 (urban SP.URB.TOTL.IN.ZS, GDP/person PPP NY.GDP.PCAP.PP.CD, internet IT.NET.USER.ZS, ages 65+ SP.POP.65UP.TO.ZS, ages 0-14 SP.POP.0014.TO.ZS)"
are,ARE,United Arab Emirates,11.0,31.6,0.86,79.3,1.0,0.018,0.16,"UN WPP 2024 (population, median age, year 2024); World Bank WDI latest 2019-2024 (urban SP.URB.TOTL.IN.ZS, GDP/person PPP NY.GDP.PCAP.PP.CD, internet IT.NET.USER.ZS, ages 65+ SP.POP.65UP.TO.ZS, ages 0-14 SP.POP.0014.TO.ZS)"
cub,CUB,Cuba,11.0,41.9,0.772,,0.705,0.17,0.15,"UN WPP 2024 (population, median age, year 2024); World Bank WDI latest 2019-2024 (urban SP.URB.TOTL.IN.ZS, GDP/person PPP NY.GDP.PCAP.PP.CD, internet IT.NET.USER.ZS, ages 65+ SP.POP.65UP.TO.ZS, ages 0-14 SP.POP.0014.TO.ZS)"
hnd,HND,Honduras,10.8,23.9,0.593,7.9,0.586,0.045,0.303,"UN WPP 2024 (population, median age, year 2024); World Bank WDI latest 2019-2024 (urban SP.URB.TOTL.IN.ZS, GDP/person PPP NY.GDP.PCAP.PP.CD, internet IT.NET.USER.ZS, ages 65+ SP.POP.65UP.TO.ZS, ages 0-14 SP.POP.0014.TO.ZS)"
cze,CZE,Czechia,10.7,43.2,0.729,60.5,0.877,0.212,0.151,"UN WPP 2024 (population, median age, year 2024); World Bank WDI latest 2019-2024 (urban SP.URB.TOTL.IN.ZS, GDP/person PPP NY.GDP.PCAP.PP.CD, internet IT.NET.USER.ZS, ages 65+ SP.POP.65UP.TO.ZS, ages 0-14 SP.POP.0014.TO.ZS)"
swe,SWE,Sweden,10.6,40.1,0.891,72.5,0.958,0.209,0.167,"UN WPP 2024 (population, median age, year 2024); World Bank WDI latest 2019-2024 (urban SP.URB.TOTL.IN.ZS, GDP/person PPP NY.GDP.PCAP.PP.CD, internet IT.NET.USER.ZS, ages 65+ SP.POP.65UP.TO.ZS, ages 0-14 SP.POP.0014.TO.ZS)"
tjk,TJK,Tajikistan,10.6,22.1,0.262,5.9,0.558,0.041,0.359,"UN WPP 2024 (population, median age, year 2024); World Bank WDI latest 2019-2024 (urban SP.URB.TOTL.IN.ZS, GDP/person PPP NY.GDP.PCAP.PP.CD, internet IT.NET.USER.ZS, ages 65+ SP.POP.65UP.TO.ZS, ages 0-14 SP.POP.0014.TO.ZS)"
png,PNG,Papua New Guinea,10.6,22.6,0.158,5.2,0.188,0.036,0.331,"UN WPP 2024 (population, median age, year 2024); World Bank WDI latest 2019-2024 (urban SP.URB.TOTL.IN.ZS, GDP/person PPP NY.GDP.PCAP.PP.CD, internet IT.NET.USER.ZS, ages 65+ SP.POP.65UP.TO.ZS, ages 0-14 SP.POP.0014.TO.ZS)"
prt,PRT,Portugal,10.4,46.6,0.615,53.1,0.885,0.249,0.127,"UN WPP 2024 (population, median age, year 2024); World Bank WDI latest 2019-2024 (urban SP.URB.TOTL.IN.ZS, GDP/person PPP NY.GDP.PCAP.PP.CD, internet IT.NET.USER.ZS, ages 65+ SP.POP.65UP.TO.ZS, ages 0-14 SP.POP.0014.TO.ZS)"
aze,AZE,Azerbaijan,10.3,33.1,0.586,26.1,0.908,0.092,0.212,"UN WPP 2024 (population, median age, year 2024); World Bank WDI latest 2019-2024 (urban SP.URB.TOTL.IN.ZS, GDP/person PPP NY.GDP.PCAP.PP.CD, internet IT.NET.USER.ZS, ages 65+ SP.POP.65UP.TO.ZS, ages 0-14 SP.POP.0014.TO.ZS)"
grc,GRC,Greece,10.0,46.3,0.792,45.3,0.863,0.244,0.129,"UN WPP 2024 (population, median age, year 2024); World Bank WDI latest 2019-2024 (urban SP.URB.TOTL.IN.ZS, GDP/person PPP NY.GDP.PCAP.PP.CD, internet IT.NET.USER.ZS, ages 65+ SP.POP.65UP.TO.ZS, ages 0-14 SP.POP.0014.TO.ZS)"
hun,HUN,Hungary,9.7,43.6,0.707,49.8,0.938,0.212,0.144,"UN WPP 2024 (population, median age, year 2024); World Bank WDI latest 2019-2024 (urban SP.URB.TOTL.IN.ZS, GDP/person PPP NY.GDP.PCAP.PP.CD, internet IT.NET.USER.ZS, ages 65+ SP.POP.65UP.TO.ZS, ages 0-14 SP.POP.0014.TO.ZS)"
tgo,TGO,Togo,9.5,18.9,0.444,4.1,0.395,0.035,0.404,"UN WPP 2024 (population, median age, year 2024); World Bank WDI latest 2019-2024 (urban SP.URB.TOTL.IN.ZS, GDP/person PPP NY.GDP.PCAP.PP.CD, internet IT.NET.USER.ZS, ages 65+ SP.POP.65UP.TO.ZS, ages 0-14 SP.POP.0014.TO.ZS)"
isr,ISR,Israel,9.4,29.2,0.916,59.7,0.882,0.127,0.272,"UN WPP 2024 (population, median age, year 2024); World Bank WDI latest 2019-2024 (urban SP.URB.TOTL.IN.ZS, GDP/person PPP NY.GDP.PCAP.PP.CD, internet IT.NET.USER.ZS, ages 65+ SP.POP.65UP.TO.ZS, ages 0-14 SP.POP.0014.TO.ZS)"
aut,AUT,Austria,9.1,43.4,0.697,76.8,0.919,0.211,0.141,"UN WPP 2024 (population, median age, year 2024); World Bank WDI latest 2019-2024 (urban SP.URB.TOTL.IN.ZS, GDP/person PPP NY.GDP.PCAP.PP.CD, internet IT.NET.USER.ZS, ages 65+ SP.POP.65UP.TO.ZS, ages 0-14 SP.POP.0014.TO.ZS)"
blr,BLR,Belarus,9.1,40.9,0.795,34.7,0.943,0.183,0.159,"UN WPP 2024 (population, median age, year 2024); World Bank WDI latest 2019-2024 (urban SP.URB.TOTL.IN.ZS, GDP/person PPP NY.GDP.PCAP.PP.CD, internet IT.NET.USER.ZS, ages 65+ SP.POP.65UP.TO.ZS, ages 0-14 SP.POP.0014.TO.ZS)"
