dial,feature,weight,why
prices,price,0.5,people who watch every dollar feel price moves more
prices,income,-0.4,lower income feels prices more
housing_cost,income,-0.5,lower income feels housing cost more
housing_cost,young,0.3,younger people rent more
energy_fuel,income,-0.4,lower income feels fuel and energy more
energy_fuel,rural,0.3,rural life depends on fuel
job_security,income,-0.3,lower income is more exposed to job loss
job_security,retired,-0.5,retired people are not exposed to job loss
crime,older,0.3,older people feel crime more
crime,social,-0.2,people uneasy with strangers feel crime more
health_risk,older,0.5,older people are more exposed to illness
disruption,caregiver,0.3,carers depend on routines
disruption,rural,0.2,rural areas lose services faster
tech_pace,tech,0.4,tech-comfortable people notice tech change more
community,social,0.3,sociable people feel community shifts
financial_conditions,income,0.3,higher income holds more assets and debt exposed to rates
