decision_id,stakes,why,status
spend,1,one purchase is small and easy to reverse,guess
buy_new,2,a modest purchase,guess
subscribe,2,small recurring commitment,guess
travel,3,costs real money and time and uses fuel,guess
change_work,4,changes income and daily life,guess
move,5,biggest and hardest to reverse,guess
switch_brand,2,easy to undo,guess
share,2,a post is cheap but can spread,guess
vote,2,"one act, little cost, lasting effect",guess
protest,3,"some risk and time, public record",guess
health_action,3,"affects body and money, partly reversible",guess
study_train,4,months of time and money,guess
family_change,5,life-changing and hard to reverse,guess
stockpile_prepare,2,"cheap, can be undone by using the supplies",guess
start_business,5,"savings at risk, big life change",guess
donate_volunteer,2,small and voluntary,guess
claim_support,3,paperwork and effort; can change income,guess
borrow,4,creates a debt that lasts,guess
invest,3,real money at risk but often reversible,guess
break_rules,3,possible penalty or harm,guess
