decision_id,down,up,status
spend,cut back on spending,spend more,"draft v2 (guess, untested)"
buy_new,hold off buying new things,buy more new things,"draft v2 (guess, untested)"
subscribe,drop or avoid subscriptions and contracts,take on more subscriptions and contracts,"draft v2 (guess, untested)"
travel,travel less,travel more,"draft v2 (guess, untested)"
change_work,stay put in their jobs,"look to change jobs, hours or employers","draft v2 (guess, untested)"
move,stay where they live,think about moving home,"draft v2 (guess, untested)"
switch_brand,stick with their current brands and providers,switch brands or providers,"draft v2 (guess, untested)"
share,speak out less,speak out more,"draft v2 (guess, untested)"
vote,stay out of politics,"vote, join a party or contact officials","draft v2 (guess, untested)"
protest,stay away from protests and strikes,"join protests, boycotts or strikes","draft v2 (guess, untested)"
health_action,put off health care and health habits,"seek care, get tested or change a health habit","draft v2 (guess, untested)"
study_train,skip study and training,sign up for study or training,"draft v2 (guess, untested)"
family_change,hold off on changes to family life,"marry, separate, have a child or take on care duties","draft v2 (guess, untested)"
stockpile_prepare,buy only what they need now,stock up on supplies or buy protection or insurance,"draft v2 (guess, untested)"
start_business,stay out of starting a business,start or expand a business,"draft v2 (guess, untested)"
donate_volunteer,give less time and money to causes,give money or time to causes or join groups,"draft v2 (guess, untested)"
claim_support,go without benefits or aid,"apply for benefits, aid or entitlements","draft v2 (guess, untested)"
borrow,avoid taking on new debt,take on new debt,"draft v2 (guess, untested)"
invest,keep savings in cash,"put savings into shares, funds or property","draft v2 (guess, untested)"
break_rules,follow official rules and guidance,ignore official rules and guidance,"draft v2 (guess, untested)"
