from_dial,to_dial,strength,why,status
energy_fuel,prices,0.5,fuel and power costs pass into everyday prices,guess
supply_chain_strain,prices,0.5,shortages and delays raise shelf prices,guess
mineral_scarcity,supply_chain_strain,0.5,scarce raw materials strain supply,guess
land_degradation,food_insecurity,0.2,less usable land means less food,guess
biodiversity_loss,food_insecurity,0.2,lost fish stocks and pollinators cut food,guess
food_insecurity,prices,0.2,food shortage lifts food prices,guess
water_stress,health_risk,0.2,unsafe water raises illness,guess
infrastructure_condition,disruption,-0.5,better repair means fewer outages and delays,guess
industrial_output,job_security,0.5,more production means steadier jobs,guess
fiscal_strain,public_service_quality,-0.5,budget pressure cuts services,guess
market_volatility,asset_values,-0.5,wild swings tend to drag values down,guess
cyber_insecurity,disruption,0.5,breaches and outages interrupt services,guess
