dial_id,resource_id,role,up_means,why,status
water_stress,water,level_of,strain,water stress is a level of freshwater; up means more shortage or contamination (bad),guess
land_degradation,land_soil,level_of,strain,land degradation is a level of land and soil; up means more land lost or degraded (bad),guess
biodiversity_loss,biodiversity,level_of,strain,biodiversity loss is a level of ecosystems and wildlife; up means more decline (bad),guess
climate_stress,atmosphere_climate,level_of,strain,climate stress is a level of air and climate; up means more hazard (bad),guess
air_pollution,atmosphere_climate,level_of,strain,air pollution is a level of air and climate; up means dirtier air (bad),guess
energy_fuel,primary_energy,level_of,strain,"energy cost and supply is a level of energy sources (fuels, sun, wind, water); up means costlier or scarcer (bad)",guess
mineral_scarcity,minerals_materials,level_of,strain,mineral and material scarcity is a level of minerals and materials; up means scarcer or costlier (bad),guess
food_insecurity,food_stock,level_of,strain,food insecurity is a level of food supply; up means more people short of food (bad),guess
housing_cost,housing_stock,level_of,strain,housing cost is a level of housing stock; up means costlier (bad),guess
infrastructure_condition,built_infrastructure,level_of,build,infrastructure condition is a level of built infrastructure; up means better repair (good),guess
disruption,built_infrastructure,level_of,strain,disruption of services is a level of built infrastructure; up means more interruptions (bad),guess
industrial_output,productive_capital,level_of,build,industrial output is a level of productive capital; up means more output (good),guess
supply_chain_strain,supply_networks,level_of,strain,supply chain strain is a level of trade and supply links; up means more strain (bad),guess
tech_adoption,computing_capacity,level_of,build,technology adoption is a level of computing and networks; up means more adoption (neutral),guess
cyber_insecurity,computing_capacity,level_of,strain,cyber insecurity is a level of computing and networks; up means more breaches (bad),guess
prices,monetary_credit,level_of,strain,prices is a level of money and credit; up means higher prices (bad),guess
borrowing_cost,monetary_credit,level_of,strain,borrowing cost and credit access is a level of money and credit; up means costlier or tighter credit (bad),guess
asset_values,asset_wealth,level_of,build,asset values is a level of wealth and assets; up means higher values (good for holders),guess
market_volatility,asset_wealth,level_of,strain,market volatility is a level of wealth and assets; up means more volatility (bad),guess
private_debt,asset_wealth,level_of,strain,private debt is a level of wealth and assets; up means heavier burden (bad),guess
inequality,asset_wealth,level_of,strain,economic inequality is a level of wealth and assets; up means wider gap (bad),guess
fiscal_strain,public_finances,level_of,strain,fiscal strain is a level of public finances; up means more strain (bad),guess
health_risk,population_health,level_of,strain,health risk is a level of population health; up means more risk (bad),guess
mental_distress,population_health,level_of,strain,mental distress is a level of population health; up means more distress (bad),guess
care_strain,care_capacity,level_of,strain,care strain is a level of care capacity; up means more strain (bad),guess
job_security,labour_force,level_of,build,job security is a level of labour; up means more secure (good),guess
pay_growth,labour_force,level_of,build,pay growth is a level of labour; up means faster pay growth (good),guess
social_division,social_trust,level_of,strain,social division is a level of social trust and cohesion; up means more division (bad),guess
community,community_ties,level_of,build,community strength is a level of community ties; up means stronger (good),guess
trust_institutions,legitimacy,level_of,build,trust in institutions is a level of legitimacy; up means more trust (good),guess
public_service_quality,state_capacity,level_of,build,public service quality is a level of state capacity and public safety; up means better (good),guess
civil_liberties,legitimacy,level_of,build,civil liberties is a level of legitimacy; up means more freedom (good),guess
crime,state_capacity,level_of,strain,crime is a level of state capacity and public safety; up means more crime (bad),guess
war_terror,state_capacity,level_of,strain,war and terror is a level of state capacity and public safety; up means more conflict (bad),guess
civil_unrest,state_capacity,level_of,strain,civil unrest is a level of state capacity and public safety; up means more unrest (bad),guess
information_reliability,knowledge,level_of,build,information reliability is a level of knowledge and information; up means more reliable (good),guess
news_overload,attention,level_of,strain,news overload is a level of time and attention; up means more news competing (bad),guess
migration_flow,population,level_of,build,migration flow is a level of population; up means more net arrivals (neutral),guess
skills_level,skills,level_of,build,skills level is a level of learned ability; up means more people with needed skills (good),guess
