id,name,kind,definition,half_life_ticks,grounding_series,status,resource_id,up_means
water_stress,Water stress,condition,How short or unsafe water supply is for a place.,200,water stress / safe drinking water access,draft v2 (half-life is a guess),water,more shortage or contamination (bad)
land_degradation,Land degradation,condition,"Loss of usable farmland, forest and soil through erosion, fire, flooding or sprawl.",400,"land cover change, soil indicators",draft v2 (half-life is a guess),land_soil,more land lost or degraded (bad)
biodiversity_loss,Biodiversity loss,condition,"Decline of species, habitats and fish stocks.",500,species and habitat indices,draft v2 (half-life is a guess),biodiversity,more decline (bad)
climate_stress,Climate stress,condition,"How severe heat, drought, flood and storm hazard is compared with normal.",300,"temperature anomaly, extreme weather counts",draft v2 (half-life is a guess),atmosphere_climate,more hazard (bad)
air_pollution,Air pollution,condition,Concentration of harmful particles and gases in the air.,150,"air quality index, emissions inventories",draft v2 (half-life is a guess),atmosphere_climate,dirtier air (bad)
energy_fuel,Energy cost and supply,condition,"How expensive and how available fuel, electricity and heating are.",100,"energy price index, fuel price, supply margins",draft v2 (half-life is a guess),primary_energy,costlier or scarcer (bad)
mineral_scarcity,Mineral and material scarcity,condition,How hard it is to obtain metals and raw materials.,250,"commodity price indices, stock-to-use ratios",draft v2 (half-life is a guess),minerals_materials,scarcer or costlier (bad)
food_insecurity,Food insecurity,condition,Share of people who cannot reliably get enough affordable food.,150,"food price index, prevalence of undernourishment",draft v2 (half-life is a guess),food_stock,more people short of food (bad)
housing_cost,Housing cost,condition,"Rent, house prices and mortgage cost relative to income.",300,"house price index, rent index",draft v2 (half-life is a guess),housing_stock,costlier (bad)
infrastructure_condition,Infrastructure condition,condition,"How well roads, grids, pipes and public buildings are maintained.",500,"asset condition ratings, infrastructure investment",draft v2 (half-life is a guess),built_infrastructure,better repair (good)
disruption,Disruption of services,condition,"Interruptions to travel, power, water and public services.",80,"outage minutes, delay and cancellation rates",draft v2 (half-life is a guess),built_infrastructure,more interruptions (bad)
industrial_output,Industrial output,condition,How much goods production is running relative to capacity.,150,"industrial production index, capacity utilisation",draft v2 (half-life is a guess),productive_capital,more output (good)
supply_chain_strain,Supply chain strain,condition,"Delays, shortages and trade barriers in moving goods.",100,"supply delivery times, tariff and freight indices",draft v2 (half-life is a guess),supply_networks,more strain (bad)
tech_adoption,Technology adoption,condition,Share of daily life and work done with newer digital tools.,300,technology adoption surveys,draft v2 (half-life is a guess),computing_capacity,more adoption (neutral)
cyber_insecurity,Cyber insecurity,condition,How exposed digital systems are to breaches and outages.,100,incident and breach counts,draft v2 (half-life is a guess),computing_capacity,more breaches (bad)
prices,Prices,condition,"How expensive everyday goods and services are, i.e. how little a unit of money buys.",150,consumer price index,draft v2 (half-life is a guess),monetary_credit,higher prices (bad)
borrowing_cost,Borrowing cost and credit access,condition,How costly and available loans are.,150,"policy rate, lending rates, credit survey",draft v2 (half-life is a guess),monetary_credit,costlier or tighter credit (bad)
asset_values,Asset values,condition,"Level of share, property and savings values.",200,equity and property price indices,draft v2 (half-life is a guess),asset_wealth,higher values (good for holders)
market_volatility,Market volatility,condition,How violently asset prices are swinging.,60,"volatility index, credit spreads",draft v2 (half-life is a guess),asset_wealth,more volatility (bad)
private_debt,Private debt,condition,Share of income that households and firms owe in repayments.,300,"debt service ratio, arrears rates",draft v2 (half-life is a guess),asset_wealth,heavier burden (bad)
inequality,Economic inequality,condition,Gap between richest and poorest in income and wealth (the Gini coefficient is the usual single number for it).,500,"Gini coefficient, income share",draft v2 (half-life is a guess),asset_wealth,wider gap (bad)
fiscal_strain,Fiscal strain,condition,"Pressure on government budgets from deficits, debt and spending needs.",300,"deficit and debt to output, bond yields",draft v2 (half-life is a guess),public_finances,more strain (bad)
health_risk,Health risk,condition,"Exposure to illness, injury and disease outbreak.",150,"disease surveillance, mortality",draft v2 (half-life is a guess),population_health,more risk (bad)
mental_distress,Mental distress,condition,"Share of people with anxiety, depression or stress.",250,mental health prevalence surveys,draft v2 (half-life is a guess),population_health,more distress (bad)
care_strain,Care strain,condition,"Pressure on hospitals, clinics, staff and medicine supply.",100,"waiting times, bed occupancy",draft v2 (half-life is a guess),care_capacity,more strain (bad)
job_security,Job security,condition,How secure people's jobs and work availability are.,200,"unemployment rate, vacancies, layoffs",draft v2 (half-life is a guess),labour_force,more secure (good)
pay_growth,Pay growth,condition,"How fast pay is rising, before any price rises are taken off.",250,average earnings growth (nominal),draft v2 (half-life is a guess),labour_force,faster pay growth (good)
social_division,Social division,condition,Polarisation and unfairness between groups.,400,polarisation and discrimination surveys,draft v2 (half-life is a guess),social_trust,more division (bad)
community,Community strength,condition,How connected and supportive local communities are.,300,"volunteering, time-use, civic participation",draft v2 (half-life is a guess),community_ties,stronger (good)
trust_institutions,Trust in institutions,condition,"How credibly government, business and media are seen to act.",300,institutional confidence surveys,draft v2 (half-life is a guess),legitimacy,more trust (good)
public_service_quality,Public service quality,condition,"How well government delivers schools, courts, permits and benefits.",300,"government effectiveness, service satisfaction",draft v2 (half-life is a guess),state_capacity,better (good)
civil_liberties,Civil liberties,condition,"How freely people can speak, vote, assemble and get fair legal treatment.",400,freedom and rule of law indices,draft v2 (half-life is a guess),legitimacy,more freedom (good)
crime,Crime,condition,Crime and violence around people's daily life.,100,"police-recorded crime, victimisation surveys",draft v2 (half-life is a guess),state_capacity,more crime (bad)
war_terror,War and terror,condition,Armed conflict and terrorism affecting the audience's country or region.,150,"conflict event data, fatalities",draft v2 (half-life is a guess),state_capacity,more conflict (bad)
civil_unrest,Civil unrest,condition,"Level of riots, mass protest and disorder.",60,protest and riot event counts,draft v2 (half-life is a guess),state_capacity,more unrest (bad)
information_reliability,Information reliability,condition,How accurate and trustworthy public information is.,300,media trust and misinformation surveys,draft v2 (half-life is a guess),knowledge,more reliable (good)
news_overload,News overload,media,Share of audience attention taken up by news volume.,20,"news consumption time, report volume",draft v2 (half-life is a guess),attention,more news competing (bad)
migration_flow,Migration flow,condition,"How many people are arriving in or leaving a place, relative to its population.",300,net migration rate (UN WPP),draft v2 (half-life is a guess),population,more net arrivals (neutral)
