id,name,definition,cap_topics,state_classes,decisions,resources,kind,status,source,dials,moves_what,notes
macro_growth_recession,Growth and recession,"The overall size and health of an economy: output, recession, recovery, national income, business cycle",Macroeconomics,,,labour_force; productive_capital,backbone,guess (routing is our judgement; resources derived from conditions),CAP major/minor topic codes [memory]; existing domains.csv [checked],job_security; industrial_output,Job security; Industrial output,Not inflation_prices (price level) or markets_investment (asset prices)
inflation_prices,Inflation and living costs,"Prices of everyday goods and services rising or falling, cost of living, price controls",Macroeconomics,,,monetary_credit,backbone,guess (routing is our judgement; resources derived from conditions),CAP major/minor topic codes [memory]; existing domains.csv [checked],prices,Prices,
interest_credit_banking,"Interest rates, credit and banks","Central bank decisions, loan and mortgage rates, bank health, lending, household and business debt",Macroeconomics; Domestic Commerce,,,monetary_credit; asset_wealth; housing_stock,backbone,guess (routing is our judgement; resources derived from conditions),CAP major/minor topic codes [memory]; existing domains.csv [checked],borrowing_cost; private_debt; housing_cost,Borrowing cost and credit access; Private debt; Housing cost,
markets_investment,Markets and investing,"Stock, bond, currency, commodity and crypto prices, investor behaviour, savings products",Macroeconomics; Domestic Commerce,,,asset_wealth,extension (ours),guess (routing is our judgement; resources derived from conditions),CAP major/minor topic codes [memory]; existing domains.csv [checked],asset_values; market_volatility,Asset values; Market volatility,"Not business_corporate: this is market-wide, not one company"
public_budget_tax,Taxes and public budgets,"Taxation, government spending, deficits and debt, subsidies, public-sector pay",Macroeconomics; Government Operations,,,public_finances; state_capacity; asset_wealth,backbone,guess (routing is our judgement; resources derived from conditions),CAP major/minor topic codes [memory]; existing domains.csv [checked],fiscal_strain; public_service_quality; inequality,Fiscal strain; Public service quality; Economic inequality,
trade_tariffs,Trade and supply chains,"Imports, exports, tariffs, trade deals, shipping and supply disruptions of goods",Foreign Trade; Domestic Commerce,,,supply_networks; minerals_materials; productive_capital,backbone,guess (routing is our judgement; resources derived from conditions),CAP major/minor topic codes [memory]; existing domains.csv [checked],supply_chain_strain; mineral_scarcity; industrial_output,Supply chain strain; Mineral and material scarcity; Industrial output,Not sanctions_aid (punitive or aid measures between states)
housing_rents,Housing and rents,"Home prices, rents, construction of homes, evictions, homelessness, housing policy",Housing,,,housing_stock; asset_wealth,backbone,guess (routing is our judgement; resources derived from conditions),CAP major/minor topic codes [memory]; existing domains.csv [checked],housing_cost; asset_values,Housing cost; Asset values,
work_labour,Jobs and wages,"Employment, unemployment, hiring, layoffs, pay, working hours and conditions",Labor,,,labour_force; skills,backbone,guess (routing is our judgement; resources derived from conditions),CAP major/minor topic codes [memory]; existing domains.csv [checked],job_security; pay_growth; skills_level,Job security; Pay growth; Skills and education level,Not labour_disputes (collective action)
labour_disputes,Unions and strikes,"Trade unions, strikes, collective bargaining, labour law disputes",Labor,,,labour_force; built_infrastructure; state_capacity,backbone,guess (routing is our judgement; resources derived from conditions),CAP major/minor topic codes [memory]; existing domains.csv [checked],pay_growth; disruption; civil_unrest,Pay growth; Disruption of services; Civil unrest,
ai_automation,AI and automation,"Artificial intelligence, robots and software replacing or changing tasks and jobs, AI safety and rules",Technology; Labor,,,computing_capacity; labour_force; knowledge,extension (ours),guess (routing is our judgement; resources derived from conditions),CAP major/minor topic codes [memory]; existing domains.csv [checked],tech_adoption; job_security; information_reliability,Technology adoption; Job security; Information reliability,Not technology_consumer (gadgets/internet services)
retirement_pensions,Retirement and pensions,"Pension systems, retirement age, ageing populations' income, elder care funding",Social Welfare; Labor,,,public_finances,backbone,guess (routing is our judgement; resources derived from conditions),CAP major/minor topic codes [memory]; existing domains.csv [checked],fiscal_strain,Fiscal strain,
social_welfare_poverty,"Welfare, poverty and inequality","Benefits, poverty, hunger programmes, income inequality, social safety nets",Social Welfare,,,asset_wealth; food_stock,backbone,guess (routing is our judgement; resources derived from conditions),CAP major/minor topic codes [memory]; existing domains.csv [checked],inequality; food_insecurity; private_debt,Economic inequality; Food insecurity; Private debt,
energy_power,Energy and fuel,"Oil, gas, coal, electricity, power grids, fuel prices, renewable build-out",Energy,,,primary_energy; monetary_credit; atmosphere_climate,backbone,guess (routing is our judgement; resources derived from conditions),CAP major/minor topic codes [memory]; existing domains.csv [checked],energy_fuel; prices; air_pollution,Energy cost and supply; Prices; Air pollution,Not climate_change (warming and policy to cut emissions)
transport_infrastructure,Transport and infrastructure,"Roads, rail, aviation, ports, public transport, bridges, grid and network build and failure",Transportation,,,built_infrastructure; supply_networks,backbone,guess (routing is our judgement; resources derived from conditions),CAP major/minor topic codes [memory]; existing domains.csv [checked],infrastructure_condition; disruption; supply_chain_strain,Infrastructure condition; Disruption of services; Supply chain strain,
food_agriculture,Food and farming,"Crops, livestock, fisheries, food supply and safety, famine, food prices",Agriculture,,,food_stock; monetary_credit; land_soil,backbone,guess (routing is our judgement; resources derived from conditions),CAP major/minor topic codes [memory]; existing domains.csv [checked],food_insecurity; prices; land_degradation,Food insecurity; Prices; Land degradation,
water_utilities,Water and utilities,"Drinking water, sanitation, droughts and floods affecting supply, utility services",Public Lands; Environment,,,water,backbone,guess (routing is our judgement; resources derived from conditions),CAP major/minor topic codes [memory]; existing domains.csv [checked],water_stress,Water stress,
climate_change,Climate change,"Global warming, emissions, climate policy and targets, adaptation",Environment; Energy,,,atmosphere_climate; water; population_health,backbone,guess (routing is our judgement; resources derived from conditions),CAP major/minor topic codes [memory]; existing domains.csv [checked],climate_stress; water_stress; health_risk,Climate stress; Water stress; Health risk,Not natural_disasters (single weather events)
pollution_nature,Pollution and nature,"Air and water pollution, waste, wildlife, forests, conservation, land use",Environment; Public Lands,,,atmosphere_climate; biodiversity; land_soil,backbone,guess (routing is our judgement; resources derived from conditions),CAP major/minor topic codes [memory]; existing domains.csv [checked],air_pollution; biodiversity_loss; land_degradation,Air pollution; Biodiversity loss; Land degradation,
natural_disasters,Disasters and extreme weather,"Storms, floods, heatwaves, wildfires, earthquakes and the response",Public Lands; Environment,,,atmosphere_climate; built_infrastructure,backbone,guess (routing is our judgement; resources derived from conditions),CAP major/minor topic codes [memory]; existing domains.csv [checked],climate_stress; disruption; infrastructure_condition,Climate stress; Disruption of services; Infrastructure condition,
public_health,Disease and public health,"Epidemics, vaccination, outbreaks, health warnings, food and drug safety",Health,,,population_health; care_capacity,backbone,guess (routing is our judgement; resources derived from conditions),CAP major/minor topic codes [memory]; existing domains.csv [checked],health_risk; care_strain,Health risk; Care strain,Not health_care_system (services)
health_care_system,Health care services,"Hospitals, doctors, insurance, waiting times, health costs and funding",Health,,,care_capacity; state_capacity,backbone,guess (routing is our judgement; resources derived from conditions),CAP major/minor topic codes [memory]; existing domains.csv [checked],care_strain; public_service_quality,Care strain; Public service quality,
medicines_science,Medicines and treatments,"New drugs, trials, approvals, medical devices and medical research",Health; Technology,,,population_health; care_capacity,backbone,guess (routing is our judgement; resources derived from conditions),CAP major/minor topic codes [memory]; existing domains.csv [checked],health_risk; care_strain,Health risk; Care strain,
mental_health_substances,Mental health and substance use,"Mental illness, wellbeing, addiction, drugs, alcohol, tobacco policy",Health,,,population_health,backbone,guess (routing is our judgement; resources derived from conditions),CAP major/minor topic codes [memory]; existing domains.csv [checked],mental_distress,Mental distress,
crime_policing,Crime and policing,"Violent and property crime, policing, gangs, organised crime, prisons",Law and Crime,,,state_capacity,backbone,guess (routing is our judgement; resources derived from conditions),CAP major/minor topic codes [memory]; existing domains.csv [checked],crime,Crime,
courts_rulings,Courts and legal rulings,"Court cases, judgments, legal rights decisions, investigations and trials of public interest",Law and Crime; Civil Rights; Government Operations,,,legitimacy,backbone,guess (routing is our judgement; resources derived from conditions),CAP major/minor topic codes [memory]; existing domains.csv [checked],trust_institutions; civil_liberties,Trust in institutions; Civil liberties,Not business_corporate lawsuits about one firm
accidents_incidents,Accidents and incidents,"Transport crashes, industrial accidents, fires, product failures, rescues",Transportation; Law and Crime,,,population_health; built_infrastructure,backbone,guess (routing is our judgement; resources derived from conditions),CAP major/minor topic codes [memory]; existing domains.csv [checked],health_risk; disruption,Health risk; Disruption of services,
cyber_privacy,Cyber security and privacy,"Hacks, data breaches, surveillance, online fraud, privacy law",Technology; Law and Crime,,,computing_capacity; legitimacy; built_infrastructure,extension (ours),guess (routing is our judgement; resources derived from conditions),CAP major/minor topic codes [memory]; existing domains.csv [checked],cyber_insecurity; civil_liberties; disruption,Cyber insecurity; Civil liberties; Disruption of services,Not misinformation (false content)
war_conflict,War and armed conflict,"Wars, invasions, ceasefires, attacks on civilians, conflict casualties",Defense; International Affairs,,,state_capacity; primary_energy; food_stock,backbone,guess (routing is our judgement; resources derived from conditions),CAP major/minor topic codes [memory]; existing domains.csv [checked],war_terror; energy_fuel; food_insecurity,War and terror; Energy cost and supply; Food insecurity,
terrorism_violence,Terrorism and political violence,"Terror attacks, extremism, assassination attempts and other premeditated political violence",Defense; Law and Crime,,,state_capacity,backbone,guess (routing is our judgement; resources derived from conditions),CAP major/minor topic codes [memory]; existing domains.csv [checked],war_terror,War and terror,Riots go to protest_movements; this topic is premeditated political violence.
defence_weapons,Defence and weapons,"Military budgets, arms, alliances, conscription, nuclear and weapons programmes",Defense,,,state_capacity; public_finances,backbone,guess (routing is our judgement; resources derived from conditions),CAP major/minor topic codes [memory]; existing domains.csv [checked],war_terror; fiscal_strain,War and terror; Fiscal strain,
diplomacy_treaties,Diplomacy and treaties,"Summits, treaties, alliances, global institutions, relations between states",International Affairs,,,state_capacity,backbone,guess (routing is our judgement; resources derived from conditions),CAP major/minor topic codes [memory]; existing domains.csv [checked],war_terror,War and terror,
sanctions_aid,Sanctions and aid,"Sanctions, embargoes, foreign aid, humanitarian relief, development finance",International Affairs; Foreign Trade,,,supply_networks; primary_energy; minerals_materials,backbone,guess (routing is our judgement; resources derived from conditions),CAP major/minor topic codes [memory]; existing domains.csv [checked],supply_chain_strain; energy_fuel; mineral_scarcity,Supply chain strain; Energy cost and supply; Mineral and material scarcity,Not trade_tariffs (commercial trade policy)
migration_refugees,Migration and refugees,"Immigration rules, border control, asylum, refugee flows, integration",Immigration,,,population; social_trust,backbone,guess (routing is our judgement; resources derived from conditions),CAP major/minor topic codes [memory]; existing domains.csv [checked],migration_flow; social_division,Migration flow; Social division,
elections_politics,Elections and political parties,"Elections, campaigns, polls, party politics, leaders' standing, coalitions",Government Operations,,,legitimacy; social_trust; state_capacity,backbone,guess (routing is our judgement; resources derived from conditions),CAP major/minor topic codes [memory]; existing domains.csv [checked],trust_institutions; social_division; civil_unrest,Trust in institutions; Social division; Civil unrest,
legislation_regulation,Laws and regulation,"New laws, rules, bans, licensing, regulation of industries",Government Operations; Domestic Commerce,,,legitimacy,backbone,guess (routing is our judgement; resources derived from conditions),CAP major/minor topic codes [memory]; existing domains.csv [checked],civil_liberties,Civil liberties,Not courts_rulings (judges deciding)
governance_corruption,Government performance and corruption,"Scandals, corruption, public services failing and institutional failure",Government Operations,,,legitimacy; state_capacity,backbone,guess (routing is our judgement; resources derived from conditions),CAP major/minor topic codes [memory]; existing domains.csv [checked],trust_institutions; public_service_quality,Trust in institutions; Public service quality,
civil_rights_discrimination,Civil rights and discrimination,"Equality, minority and gender rights, freedom of speech, discrimination",Civil Rights,,,legitimacy; social_trust,backbone,guess (routing is our judgement; resources derived from conditions),CAP major/minor topic codes [memory]; existing domains.csv [checked],civil_liberties; social_division,Civil liberties; Social division,
protest_movements,Protests and social movements,"Demonstrations, activism, petitions, boycotts, riots and civil unrest",Civil Rights; Social Welfare,,,state_capacity,backbone,guess (routing is our judgement; resources derived from conditions),CAP major/minor topic codes [memory]; existing domains.csv [checked],civil_unrest,Civil unrest,
family_demographics,Family and demographics,"Births, marriage, childcare, ageing, population change, family policy",Social Welfare,,,population; community_ties,backbone,guess (routing is our judgement; resources derived from conditions),CAP major/minor topic codes [memory]; existing domains.csv [checked],migration_flow; community,Migration flow; Community strength,
religion_identity,Religion and identity,"Religion, culture clashes, nationalism, community identity, social values",Civil Rights; Culture,,,social_trust; community_ties,backbone,guess (routing is our judgement; resources derived from conditions),CAP major/minor topic codes [memory]; existing domains.csv [checked],social_division; community,Social division; Community strength,
education_schools,Schools and universities,"Schools, universities, fees, exams, teachers, training and skills programmes",Education,,,state_capacity; skills,backbone,guess (routing is our judgement; resources derived from conditions),CAP major/minor topic codes [memory]; existing domains.csv [checked],public_service_quality; skills_level,Public service quality; Skills and education level,Not research_space (research output)
research_space,Science and space,"Scientific discoveries, research funding, space missions, physics, biology (non-medical)",Technology; Education,,,knowledge; computing_capacity,backbone,guess (routing is our judgement; resources derived from conditions),CAP major/minor topic codes [memory]; existing domains.csv [checked],information_reliability; tech_adoption,Information reliability; Technology adoption,
technology_consumer,Digital technology and consumer tech,"Gadgets, internet services, software, telecoms, platforms' products and rules",Technology,,,computing_capacity,backbone,guess (routing is our judgement; resources derived from conditions),CAP major/minor topic codes [memory]; existing domains.csv [checked],tech_adoption,Technology adoption,Not ai_automation
media_information,Media and information,"News media, misinformation, censorship, social media content, press freedom",Technology; Culture; Civil Rights,,,knowledge,extension (ours),guess (routing is our judgement; resources derived from conditions),CAP major/minor topic codes [memory]; existing domains.csv [checked],information_reliability,Information reliability,
consumer_retail,Consumer goods and retail,"Shops, product launches, recalls, consumer protection, brand fortunes at household level",Domestic Commerce,,,monetary_credit; population_health,extension (ours),guess (routing is our judgement; resources derived from conditions),CAP major/minor topic codes [memory]; existing domains.csv [checked],prices; health_risk,Prices; Health risk,Not business_corporate (company internals)
business_corporate,Business and companies,"What one company does: deals, mergers, leadership, lawsuits, earnings",Domestic Commerce,,,productive_capital; computing_capacity,extension (ours),guess (routing is our judgement; resources derived from conditions),CAP major/minor topic codes [memory]; existing domains.csv [checked],industrial_output; cyber_insecurity,Industrial output; Cyber insecurity,
mining_materials,Minerals and materials,"Metals, rare earths, mining and industrial raw materials",Energy; Public Lands; Domestic Commerce,,,minerals_materials; supply_networks,extension (ours),guess (routing is our judgement; resources derived from conditions),CAP major/minor topic codes [memory]; existing domains.csv [checked],mineral_scarcity; supply_chain_strain,Mineral and material scarcity; Supply chain strain,
culture_leisure,"Culture, sport and leisure","Film, music, art, celebrities, books, games, sport, tournaments, mass events, holidays, hospitality and the leisure industry",Culture,,,community_ties,backbone,guess (routing is our judgement; resources derived from conditions),CAP major topic codes [memory],community,Community strength,"Merged from culture_entertainment, sport_events, tourism_leisure; weak reach by design (community only)."
other,Other,"None of the above fits at all (review bucket, never counted)",none,none,none,none,"review (logged, never dropped)",guess,,,nothing,
