id,name,kind,definition,n_questions_target,status,probe_question
tech_comfort,Tech comfort,trait,Ease learning and using new apps and devices.,6,"draft v2 (guess); fixed, not moved by news",Does this person pick up new apps and devices easily?
price_attention,Price attention,state,How closely the person watches costs and small fees.,5,"draft v2 (guess); moving, linked to conditions in grid.csv",Does this person compare prices and notice small fees before buying?
privacy_stance,Privacy stance,trait,Reluctance to hand personal data to companies.,5,"draft v2 (guess); fixed, not moved by news",Does this person avoid giving personal data to companies when they can?
social_ease,Social ease,trait,Comfort dealing with people they do not know.,5,"draft v2 (guess); fixed, not moved by news",Is this person comfortable starting conversations with strangers?
novelty_seeking,Novelty seeking,trait,Readiness to try new things early.,5,"draft v2 (guess); fixed, not moved by news",Does this person usually try new things before most others do?
habit_inertia,Habit and inertia,trait,Tendency to stay with existing choices.,5,"draft v2 (guess); fixed, not moved by news",Does this person tend to keep what they already use rather than switch?
loss_aversion,Loss aversion,trait,How much losses weigh against gains.,5,"draft v2 (guess); fixed, not moved by news",Does a possible loss worry this person more than an equal gain pleases them?
conscientiousness,Conscientiousness and planning,trait,"Tendency to plan ahead, follow through and control impulses.",5,"draft v2 (guess); fixed, not moved by news",Does this person plan ahead and stick to their plans?
emotional_reactivity,Emotional reactivity,trait,"How strongly and how easily the person feels worry, fear or upset.",5,"draft v2 (guess); fixed, not moved by news",Does this person get anxious or upset easily when things go wrong?
risk_tolerance,Risk tolerance,trait,Willingness to accept uncertain outcomes for a chance of gain.,5,"draft v2 (guess); fixed, not moved by news",Is this person willing to take a real chance to get a bigger payoff?
patience,Patience,trait,How much the person values later rewards over sooner ones.,5,"draft v2 (guess); fixed, not moved by news",Would this person wait a month for a clearly larger reward?
fairness_concern,Fairness concern,trait,How strongly the person reacts to unequal or unfair treatment of themselves or others.,4,"draft v2 (guess); fixed, not moved by news",Does unfair treatment bother this person strongly even if it costs them something?
status_concern,Status concern,trait,How much the person cares how their possessions and position compare with others'.,4,"draft v2 (guess); fixed, not moved by news",Does this person care a lot about how they compare with other people?
conformity,Social influence susceptibility,trait,How much the person follows what peers and crowds do or say.,4,"draft v2 (guess); fixed, not moved by news",Does this person usually do what people around them are doing?
econ_orientation,Economic orientation,trait,Position on how far government should manage the economy and redistribute (left to right).,4,"draft v2 (guess); fixed, not moved by news",Does this person want government to play a bigger role in the economy and in redistributing income?
cultural_orientation,Cultural orientation,trait,"Position on tradition, authority and social change (traditional to liberal).",4,"draft v2 (guess); fixed, not moved by news",Does this person favour traditional values and strong authority over social change?
group_identity,Group identity strength,trait,"How strongly the person identifies with a nation, community or group.",4,"draft v2 (guess); fixed, not moved by news","Does this person strongly identify with a particular nation, community or group?"
religiosity,Religiosity,trait,How central religious belief and practice are to the person's life.,3,"draft v2 (guess); fixed, not moved by news",Is religion an important part of this person's daily life?
prosociality,Prosociality (willingness to help others),trait,Readiness to help others at a cost to oneself and to give them the benefit of the doubt.,4,"draft v2 (guess); fixed, not moved by news",Does this person often give time or money to help others?
environmental_values,Environmental values,trait,How much the person cares about nature and climate in everyday choices.,4,"draft v2 (guess); fixed, not moved by news",Does this person change what they buy or do to protect the environment?
health_orientation,Health orientation,trait,How much the person believes their own actions protect their health and acts on it.,4,"draft v2 (guess); fixed, not moved by news",Does this person take steps to protect their health before problems appear?
financial_literacy,Financial literacy,derived,"How well the person understands interest, inflation and risk.",4,"draft v2 (guess); fixed, not moved by news","Does this person understand how interest, inflation and risk affect their money?"
financial_stress,Financial stress,state,Felt strain on the household budget.,6,"draft v2 (guess); moving, linked to conditions in grid.csv",Is this person struggling to make ends meet this month?
liquidity,Liquidity,state,Cash buffer and steadiness of income: can the person absorb a shock?,5,"draft v2 (guess); moving, linked to conditions in grid.csv",Could this person cover an unexpected bill of one month's income from savings?
debt_burden,Debt burden,state,Share of income going to repaying debt.,4,"draft v2 (guess); moving, linked to conditions in grid.csv",Does repaying debt take a large share of this person's income?
job_worry,Job insecurity worry,state,How likely the person thinks it is that they lose work or income soon.,5,"draft v2 (guess); moving, linked to conditions in grid.csv",Is this person worried about losing their job or income in the next year?
time_pressure,Time pressure,state,How little spare time the person has.,4,"draft v2 (guess); moving, linked to conditions in grid.csv",Does this person have almost no spare time this week?
optimism,Optimism,state,"How hopeful the person feels about their own money and life over the next year, including whether now feels a good time for big purchases.",5,"draft v2 (guess); moving, linked to conditions in grid.csv",Does this person feel hopeful about their own money and life over the next year?
safety_concern,Safety concern,state,How threatened the person feels in daily life.,5,"draft v2 (guess); moving, linked to conditions in grid.csv",Does this person feel unsafe in their daily life?
wellbeing,Well-being,state,"Day-to-day mood and energy, including feeling rested rather than worn out.",5,"draft v2 (guess); moving, linked to conditions in grid.csv",Has this person felt cheerful and rested in the last two weeks?
loneliness,Loneliness,state,Felt lack of company and support.,4,"draft v2 (guess); moving, linked to conditions in grid.csv",Does this person often feel they lack company or support?
job_satisfaction,Job satisfaction and autonomy,state,"How fulfilling, fairly paid and self-directed the person finds their work.",5,"draft v2 (guess); moving, linked to conditions in grid.csv",Is this person satisfied with their work and how much say they have in it?
perceived_health_threat,Perceived health threat,state,How likely and how serious the person thinks illness is for themselves.,5,"draft v2 (guess); moving, linked to conditions in grid.csv",Does this person think they could easily fall seriously ill soon?
health_status,Health status,derived,The person's own current health and any long-term condition.,4,"draft v2 (guess); fixed, not moved by news",Does this person have a long-term health condition or poor health?
institutional_trust,Institutional trust,state,How much the person believes institutions act honestly.,5,"draft v2 (guess); moving, linked to conditions in grid.csv",Does this person believe government and big institutions act honestly?
interpersonal_trust,Trust in other people,state,Belief that most people can be trusted.,3,"draft v2 (guess); moving, linked to conditions in grid.csv",Does this person believe most people can be trusted?
media_trust,Trust in news media,state,How much the person believes the news they see is accurate.,4,"draft v2 (guess); moving, linked to conditions in grid.csv",Does this person believe the news they see is mostly accurate?
political_efficacy,Political efficacy,state,Belief that one's own action can change what authorities do.,4,"draft v2 (guess); moving, linked to conditions in grid.csv",Does this person think their vote or voice can change what authorities do?
grievance,Felt grievance,state,Current sense of being treated unfairly or left behind.,5,"draft v2 (guess); moving, linked to conditions in grid.csv",Does this person feel they are being treated unfairly or left behind?
news_attention,News attention,state,How much of the person's time and focus is spent following news.,4,"draft v2 (guess); moving, linked to conditions in grid.csv",Does this person follow the news closely every day?
tenure,Tenure (rent or own),derived,"Rents (0) or owns (1) the home. Read from demographics, not asked.",0,"draft v2 (guess); fixed, not moved by news",Does this person own their home?
housing_burden,Housing burden,state,Share of income spent on rent or mortgage.,3,"draft v2 (guess); moving, linked to conditions in grid.csv",Does housing take more than a third of this person's income?
life_stage,Life stage and household,derived,"Age band, children and caring duties; higher means older with more caring duties. Read from demographics, not asked.",0,"draft v2 (guess); fixed, not moved by news",Is this person of working age with a household to support?
education_skills,Education and skills,derived,Highest education and how in-demand the person's skills are.,4,"draft v2 (guess); fixed, not moved by news",Does this person hold qualifications or skills that employers actively seek?
digital_access,Digital access,derived,Quality of the person's connection and devices.,3,"draft v2 (guess); fixed, not moved by news","Does this person have fast, reliable internet and a modern device?"
hazard_exposure,Local hazard exposure,derived,"How exposed the person's home and work are to floods, fires, storms or quakes.",3,"draft v2 (guess); fixed, not moved by news","Does this person live somewhere that floods, burns or is hit by severe storms?"
car_dependence,Car dependence,derived,How much the person relies on a car for daily life (more likely in rural or spread-out places).,3,"draft v2 (guess); fixed, not moved by news",Does this person depend on a car for daily life?
