element_id,resource_id,weight,up_means,why,status
financial_stress,monetary_credit,0.5,strain,money and credit moves with prices,guess
financial_stress,labour_force,0.5,strain,labour moves with pay growth,guess
financial_stress,housing_stock,0.5,strain,housing stock moves with housing cost,guess
liquidity,monetary_credit,0.5,build,money and credit moves with prices,guess
liquidity,labour_force,0.5,build,labour moves with pay growth,guess
liquidity,asset_wealth,0.5,build,wealth and assets moves with asset values,guess
debt_burden,monetary_credit,0.5,strain,money and credit moves with borrowing cost and credit access,guess
debt_burden,asset_wealth,0.8,strain,wealth and assets moves with private debt,guess
housing_burden,housing_stock,0.8,strain,housing stock moves with housing cost,guess
housing_burden,monetary_credit,0.5,strain,money and credit moves with borrowing cost and credit access,guess
price_attention,monetary_credit,0.5,strain,money and credit moves with prices,guess
price_attention,primary_energy,0.5,strain,"energy sources (fuels, sun, wind, water) moves with energy cost and supply",guess
job_worry,labour_force,0.8,strain,labour moves with job security,guess
job_worry,computing_capacity,0.2,build,computing and networks moves with technology adoption,guess
job_worry,productive_capital,0.2,strain,productive capital moves with industrial output,guess
optimism,labour_force,0.5,build,labour moves with job security,guess
optimism,monetary_credit,0.5,build,money and credit moves with prices,guess
optimism,asset_wealth,0.5,build,wealth and assets moves with asset values,guess
optimism,state_capacity,0.5,build,state capacity and public safety moves with war and terror,guess
time_pressure,built_infrastructure,0.5,strain,built infrastructure moves with disruption of services,guess
time_pressure,care_capacity,0.5,strain,care capacity moves with care strain,guess
safety_concern,state_capacity,0.8,strain,state capacity and public safety moves with crime,guess
safety_concern,atmosphere_climate,0.2,strain,air and climate moves with climate stress,guess
wellbeing,population_health,0.8,build,population health moves with mental distress,guess
wellbeing,built_infrastructure,0.2,build,built infrastructure moves with disruption of services,guess
wellbeing,community_ties,0.2,build,community ties moves with community strength,guess
loneliness,community_ties,0.5,strain,community ties moves with community strength,guess
loneliness,population_health,0.2,strain,population health moves with health risk,guess
job_satisfaction,labour_force,0.2,build,labour moves with pay growth,guess
perceived_health_threat,population_health,0.8,strain,population health moves with health risk,guess
perceived_health_threat,care_capacity,0.2,strain,care capacity moves with care strain,guess
perceived_health_threat,atmosphere_climate,0.2,strain,air and climate moves with air pollution,guess
institutional_trust,legitimacy,0.8,build,legitimacy moves with trust in institutions,guess
institutional_trust,state_capacity,0.5,build,state capacity and public safety moves with public service quality,guess
institutional_trust,social_trust,0.2,build,social trust and cohesion moves with social division,guess
interpersonal_trust,social_trust,0.5,build,social trust and cohesion moves with social division,guess
interpersonal_trust,state_capacity,0.2,build,state capacity and public safety moves with crime,guess
interpersonal_trust,community_ties,0.5,build,community ties moves with community strength,guess
media_trust,knowledge,0.8,build,knowledge and information moves with information reliability,guess
political_efficacy,legitimacy,0.5,build,legitimacy moves with civil liberties,guess
grievance,asset_wealth,0.5,strain,wealth and assets moves with economic inequality,guess
grievance,social_trust,0.5,strain,social trust and cohesion moves with social division,guess
grievance,state_capacity,0.5,strain,state capacity and public safety moves with public service quality,guess
grievance,population,0.2,build,population moves with migration flow,guess
news_attention,attention,0.5,strain,time and attention moves with news overload,guess
news_attention,state_capacity,0.5,strain,state capacity and public safety moves with war and terror,guess
