element_id,question,selected
tech_comfort,This person is comfortable learning and using new phone apps.,todo
tech_comfort,This person finds new devices easy to pick up.,todo
tech_comfort,This person can set up a new smartphone without help.,todo
tech_comfort,This person enjoys trying out new software.,todo
tech_comfort,This person helps others with their devices.,todo
tech_comfort,This person feels at ease using online services for everyday tasks.,todo
price_attention,This person checks prices before buying everyday items.,todo
price_attention,This person notices small fees and extra charges.,todo
price_attention,This person compares several sellers before a purchase.,todo
price_attention,This person tracks what they spend each week.,todo
price_attention,This person waits for sales or discounts.,todo
privacy_stance,This person avoids sharing personal details with companies when they can.,todo
privacy_stance,This person reads privacy settings before accepting them.,todo
privacy_stance,This person refuses apps that ask for more data than they need.,todo
privacy_stance,This person worries about how companies use their data.,todo
privacy_stance,This person uses tools to limit tracking.,todo
social_ease,This person is comfortable starting a conversation with a stranger.,todo
social_ease,This person enjoys meeting new people.,todo
social_ease,This person feels relaxed in a room full of unfamiliar faces.,todo
social_ease,This person easilies make small talk.,todo
social_ease,This person finds it easy to ask strangers for help.,todo
novelty_seeking,This person usuallies try new products before most others.,todo
novelty_seeking,This person enjoys trying unfamiliar foods or activities.,todo
novelty_seeking,This person likes being among the first to use something new.,todo
novelty_seeking,This person gets bored with the same routine.,todo
novelty_seeking,This person looks for new experiences on purpose.,todo
habit_inertia,This person keeps using what they already have rather than switch.,todo
habit_inertia,This person sticks with the same brands for years.,todo
habit_inertia,This person dislikes changing their routine.,todo
habit_inertia,This person puts off changing providers even when a better offer exists.,todo
habit_inertia,This person finds it a hassle to learn a new way of doing something.,todo
loss_aversion,A possible loss worries this person more than an equal gain pleases them.,todo
loss_aversion,This person avoids a deal that could lose money even if it could win more.,todo
loss_aversion,This person holds on to things to avoid admitting a loss.,todo
loss_aversion,This person dislikes paying for something they might not use.,todo
loss_aversion,This person feels a loss much more strongly than a gain.,todo
conscientiousness,This person plans ahead and stick to the plan.,todo
conscientiousness,This person finishes tasks before they are due.,todo
conscientiousness,This person keeps a budget or schedule.,todo
conscientiousness,This person resists buying on impulse.,todo
conscientiousness,This person keeps their belongings and records in order.,todo
emotional_reactivity,This person gets anxious easily when things go wrong.,todo
emotional_reactivity,This person feels upset for a long time after bad news.,todo
emotional_reactivity,This person worries a lot about things that might happen.,todo
emotional_reactivity,This person reacts strongly to criticism.,todo
emotional_reactivity,This person finds it hard to stay calm under pressure.,todo
risk_tolerance,This person is willing to take a real chance for a bigger payoff.,todo
risk_tolerance,This person takes risks with money to try to gain more.,todo
risk_tolerance,This person enjoys uncertain situations.,todo
risk_tolerance,This person would back a long shot rather than a sure small gain.,todo
risk_tolerance,This person quits a steady option to try something uncertain.,todo
patience,This person would wait a month for a clearly larger reward.,todo
patience,This person saves for a goal rather than spend now.,todo
patience,This person gives up a small treat today for a bigger one later.,todo
patience,This person stays calm when results take a long time.,todo
patience,This person picks long-term gains over quick ones.,todo
fairness_concern,Unfair treatment bothers this person even when it costs them something.,todo
fairness_concern,This person would turn down an unfair deal that favoured them.,todo
fairness_concern,This person speaks up when others are treated unequally.,todo
fairness_concern,This person feels strongly about cheating and rule bending by others.,todo
status_concern,This person cares a lot about how they compare with other people.,todo
status_concern,This person likes possessions that show success.,todo
status_concern,This person pays attention to how others rank in wealth or position.,todo
status_concern,This person feels pressure to keep up with their peers.,todo
conformity,This person usuallies do what the people around them are doing.,todo
conformity,This person picks products that their friends recommend.,todo
conformity,This person changes their view when most others disagree.,todo
conformity,This person prefers to follow a crowd than stand out.,todo
econ_orientation,This person wants government to play a bigger role in the economy.,todo
econ_orientation,This person supports taxing higher incomes to help lower incomes.,todo
econ_orientation,This person favours public over private provision of services.,todo
econ_orientation,This person wants stronger rules on businesses.,todo
cultural_orientation,This person favours traditional values over social change.,todo
cultural_orientation,This person wants stronger authority and order.,todo
cultural_orientation,This person feels uneasy about fast changes in social customs.,todo
cultural_orientation,This person values following established ways of doing things.,todo
group_identity,"This person stronglies identify with a particular nation, community or group.",todo
group_identity,This person feels personally affected when their group is criticised.,todo
group_identity,This person puts their group first in a dispute.,todo
group_identity,This person takes pride in belonging to their group.,todo
religiosity,Religion is an important part of this person's daily life.,todo
religiosity,This person takes part in religious practice regularly.,todo
religiosity,This person turns to faith when making big choices.,todo
prosociality,This person oftens give time or money to help others.,todo
prosociality,This person helps strangers who ask for it.,todo
prosociality,This person gives others the benefit of the doubt.,todo
prosociality,This person takes part in community or charity activity.,todo
environmental_values,This person changes what they buy to protect the environment.,todo
environmental_values,This person cares about nature and climate in everyday choices.,todo
environmental_values,"This person cuts waste, recycle or save energy on purpose.",todo
environmental_values,This person worries about the damage people do to nature.,todo
health_orientation,This person takes steps to protect their health before problems appear.,todo
health_orientation,This person believes their own habits strongly affect their health.,todo
health_orientation,This person has regular check-ups or screenings.,todo
health_orientation,This person eats well and exercise on purpose.,todo
financial_literacy,This person understands how interest affects savings and debt.,todo
financial_literacy,This person understands how inflation reduces what money buys.,todo
financial_literacy,This person knows the difference between safe and risky investments.,todo
financial_literacy,This person can compare the true cost of two loans.,todo
financial_stress,This person is struggling to make ends meet this month.,todo
financial_stress,This person worries about paying their regular bills.,todo
financial_stress,This person has cut back on essentials because of money.,todo
financial_stress,This person lies awake over money.,todo
financial_stress,This person ran out of money before the end of the month.,todo
financial_stress,This person has to choose between two necessary bills.,todo
liquidity,This person could cover an unexpected bill of one month's income from savings.,todo
liquidity,This person has cash set aside for emergencies.,todo
liquidity,This person's income is steady from month to month.,todo
liquidity,This person could manage a month without pay.,todo
liquidity,This person has savings that they can reach quickly.,todo
debt_burden,Repaying debt takes a large share of this person's income.,todo
debt_burden,This person has several loans or cards to pay off.,todo
debt_burden,This person is behind on any repayments.,todo
debt_burden,This person would struggle if payments went up a little.,todo
job_worry,This person is worried about losing their job or income in the next year.,todo
job_worry,This person thinks layoffs could reach their workplace.,todo
job_worry,This person would find it hard to get a similar job if they lost theirs.,todo
job_worry,This person has heard of job cuts around them.,todo
job_worry,This person fears their work could be replaced by machines.,todo
time_pressure,This person has almost no spare time this week.,todo
time_pressure,This person feels rushed through most of the day.,todo
time_pressure,This person has to give up rest to get everything done.,todo
time_pressure,This person juggles work and care duties.,todo
optimism,This person feels hopeful about their own money and life over the next year.,todo
optimism,This person expects their finances to improve.,todo
optimism,This person feels now is a good time to make a big purchase.,todo
optimism,This person expects good things to happen.,todo
optimism,This person feels secure about the future.,todo
safety_concern,This person feels unsafe in their daily life.,todo
safety_concern,This person avoids some places or times because of safety.,todo
safety_concern,This person worries about crime or violence near them.,todo
safety_concern,This person fears harm from conflict or unrest.,todo
safety_concern,This person takes extra steps to protect themselves.,todo
wellbeing,This person has felt cheerful and rested in the last two weeks.,todo
wellbeing,This person wakes up feeling refreshed.,todo
wellbeing,This person has felt calm and in good spirits lately.,todo
wellbeing,This person has energy for things they enjoy.,todo
wellbeing,This person has felt worn out for most of the last fortnight.,todo
loneliness,This person oftens feel they lack company or support.,todo
loneliness,This person feels left out by people around them.,todo
loneliness,This person has someone they can turn to in a crisis.,todo
loneliness,This person goes days without talking to anyone.,todo
job_satisfaction,This person is satisfied with their work and how much say they have in it.,todo
job_satisfaction,This person feels fairly paid for what they do.,todo
job_satisfaction,This person has control over how they do their work.,todo
job_satisfaction,This person finds their work meaningful.,todo
job_satisfaction,This person would choose the same job again.,todo
perceived_health_threat,This person thinks they could easily fall seriously ill soon.,todo
perceived_health_threat,This person takes illness warnings in the news personally.,todo
perceived_health_threat,This person worries that care would not be there if they got sick.,todo
perceived_health_threat,This person thinks an illness would be very serious for them.,todo
perceived_health_threat,This person avoids crowds or places for fear of getting ill.,todo
health_status,This person has a long-term health condition.,todo
health_status,This person rates their own health as poor.,todo
health_status,An illness limits what this person can do.,todo
health_status,This person takes regular medicine.,todo
institutional_trust,This person believes government and big institutions act honestly.,todo
institutional_trust,This person thinks officials do what they promise.,todo
institutional_trust,This person trusts courts and police to act fairly.,todo
institutional_trust,This person believes large companies mostly tell the truth.,todo
institutional_trust,This person thinks institutions usually act in the public interest.,todo
interpersonal_trust,This person believes most people can be trusted.,todo
interpersonal_trust,This person would expect a stranger to return a lost wallet.,todo
interpersonal_trust,This person feels safe lending something to a neighbour.,todo
media_trust,This person believes the news they see is mostly accurate.,todo
media_trust,This person trusts the main news sources they use.,todo
media_trust,This person thinks reporters check their facts.,todo
media_trust,This person rarelies doubt what they read in the news.,todo
political_efficacy,This person thinks their vote or voice can change what authorities do.,todo
political_efficacy,This person thinks officials listen to people like them.,todo
political_efficacy,This person thinks joining others can force a change.,todo
political_efficacy,This person feels they understand and can influence politics.,todo
grievance,This person feels they are being treated unfairly or left behind.,todo
grievance,This person thinks people like them get less than their fair share.,todo
grievance,This person feels angry about how their group is treated.,todo
grievance,This person feels the system is rigged against them.,todo
grievance,This person feels overlooked by those in power.,todo
news_attention,This person follows the news closely every day.,todo
news_attention,This person checks news alerts several times a day.,todo
news_attention,This person spends a lot of free time reading or watching news.,todo
news_attention,This person talks about the news with others often.,todo
housing_burden,Housing takes more than a third of this person's income.,todo
housing_burden,This person struggles to pay rent or mortgage.,todo
housing_burden,This person has cut back on other needs to pay for housing.,todo
education_skills,This person holds qualifications that employers value.,todo
education_skills,This person has skills that are in demand.,todo
education_skills,This person would find it easy to retrain for a new job.,todo
education_skills,This person has completed advanced study.,todo
digital_access,This person has fast and reliable internet.,todo
digital_access,This person has a modern phone or computer.,todo
digital_access,This person can get online whenever they need to.,todo
hazard_exposure,"This person lives somewhere that floods, burns or is hit by severe storms.",todo
hazard_exposure,This person has's home or work been damaged by weather in recent years.,todo
hazard_exposure,This person lives near a place where disasters often happen.,todo
car_dependence,This person depends on a car for daily life.,todo
car_dependence,The nearest shop or workplace is too far for this person to walk or reach by transit.,todo
car_dependence,This person lives where public transport is poor.,todo
