element_id,dial_id,strength,why,moderated_by,status
financial_stress,prices,0.5,prices rise faster than the budget,,guess
financial_stress,pay_growth,-0.5,faster pay eases the budget,,guess
financial_stress,job_security,-0.5,secure work eases the budget,,guess
financial_stress,housing_cost,0.5,rent or mortgage is the largest bill (crosses housing into money),tenure,guess
liquidity,prices,-0.5,higher prices eat savings,,guess
liquidity,pay_growth,0.5,,,guess
liquidity,job_security,0.5,,,guess
liquidity,asset_values,0.5,owners hold savings in assets,tenure,guess
debt_burden,borrowing_cost,0.5,costlier loans raise repayments,,guess
debt_burden,private_debt,0.8,identity-like: the person-level version of the place debt level,,guess
housing_burden,housing_cost,0.8,identity-like: rent or price rise is this person's burden (renters most),tenure,guess
housing_burden,borrowing_cost,0.5,mortgage payments follow loan costs (mortgagors),tenure,guess
price_attention,prices,0.5,,,guess
price_attention,energy_fuel,0.5,fuel and bills are watched closely,,guess
job_worry,job_security,-0.8,identity-like: secure jobs mean less worry,,guess
job_worry,tech_adoption,0.2,automation fear (crosses tech into work),,guess
job_worry,industrial_output,-0.2,more output means less layoff fear,,guess
optimism,job_security,0.5,,,guess
optimism,prices,-0.5,rising prices dampen hope,,guess
optimism,asset_values,0.5,,,guess
optimism,war_terror,-0.5,conflict dims outlook (crosses security into mood),,guess
time_pressure,disruption,0.5,delays and outages eat spare time,,guess
time_pressure,care_strain,0.5,waiting for care costs time (crosses health into time),life_stage,guess
safety_concern,crime,0.8,identity-like: crime nearby raises felt threat,,guess
safety_concern,war_terror,0.5,,,guess
safety_concern,civil_unrest,0.5,,,guess
safety_concern,climate_stress,0.2,storm and heat hazard raises felt threat (crosses climate into safety),,guess
wellbeing,mental_distress,-0.8,identity-like: more distress means lower mood,,guess
wellbeing,disruption,-0.2,upheaval wears people down,,guess
wellbeing,community,0.2,,,guess
loneliness,community,-0.5,stronger community means less loneliness,,guess
loneliness,health_risk,0.2,illness risk keeps people home (crosses health into social),,guess
job_satisfaction,pay_growth,0.2,,,guess
job_satisfaction,job_security,0.2,,,guess
perceived_health_threat,health_risk,0.8,identity-like: outbreak risk raises felt threat,,guess
perceived_health_threat,care_strain,0.2,strained care raises worry,,guess
perceived_health_threat,air_pollution,0.2,dirty air raises health worry (crosses environment into health),,guess
institutional_trust,trust_institutions,0.8,identity-like: personal version of the place trust level,,guess
institutional_trust,public_service_quality,0.5,,,guess
institutional_trust,social_division,-0.2,division erodes trust in shared institutions,,guess
interpersonal_trust,social_division,-0.5,division lowers trust in others,,guess
interpersonal_trust,crime,-0.2,crime lowers trust in strangers,,guess
interpersonal_trust,community,0.5,,,guess
media_trust,information_reliability,0.8,identity-like: reliable news earns trust,,guess
political_efficacy,civil_liberties,0.5,,,guess
political_efficacy,trust_institutions,0.2,,,guess
grievance,inequality,0.5,a wider gap breeds felt unfairness,,guess
grievance,social_division,0.5,,,guess
grievance,public_service_quality,-0.5,better services reduce feeling left behind,,guess
grievance,migration_flow,0.2,"contested: politically disputed link, depends on the person's views",cultural_orientation,guess (contested)
news_attention,news_overload,0.5,,,guess
news_attention,war_terror,0.5,crisis draws attention (crosses security into media habits),,guess
