layer,old_id,new_ids,action
dial,prices,prices,keep
dial,housing_cost,housing_cost,keep
dial,energy_fuel,energy_fuel,keep
dial,job_security,job_security,keep
dial,crime,crime,keep
dial,war_terror,war_terror,keep
dial,trust_institutions,trust_institutions,keep
dial,community,community,keep
dial,news_overload,news_overload,keep
dial,disruption,disruption,keep
dial,health_risk,health_risk,keep
dial,social_division,social_division,keep
dial,financial_conditions,borrowing_cost;asset_values;market_volatility,split
dial,tech_pace,tech_adoption,rename
dial,optimism,"outlook",retire
dial,environment,climate_stress;air_pollution;biodiversity_loss;land_degradation,split
dial,debt_burden,private_debt,rename
dial,real_wages,pay_growth,rename
dial,skills_level,,retire
dial,time_squeeze,,retire
domain,economy_housing,macro_growth_recession;inflation_prices;interest_credit_banking;markets_investment;public_budget_tax;trade_tariffs;housing_rents,split
domain,work_labour,work_labour;labour_disputes;retirement_pensions,split
domain,energy_resources,energy_power;mining_materials;transport_infrastructure;food_agriculture;water_utilities,split
domain,environment_climate,climate_change;pollution_nature;natural_disasters,split
domain,health,public_health;health_care_system;medicines_science;mental_health_substances,split
domain,safety_crime,crime_policing;accidents_incidents,split
domain,conflict_security,war_conflict;terrorism_violence;defence_weapons,split
domain,government_law,elections_politics;legislation_regulation;courts_rulings;governance_corruption,split
domain,international_migration,diplomacy_treaties;sanctions_aid;migration_refugees,split
domain,society_identity,social_welfare_poverty;civil_rights_discrimination;protest_movements;family_demographics;religion_identity,split
domain,culture_leisure,culture_leisure,keep
domain,technology_science,ai_automation;research_space;technology_consumer;media_information;cyber_privacy,split
domain,education,education_schools,rename
domain,business_corporate,business_corporate;consumer_retail,split
domain,other,other,keep
domain,culture_entertainment,culture_leisure,merge
domain,sport_events,culture_leisure,merge
domain,tourism_leisure,culture_leisure,merge
domain,minerals_materials,mining_materials,rename
element,tech_comfort,tech_comfort,keep
element,price_attention,price_attention,keep
element,privacy_stance,privacy_stance,keep
element,social_ease,social_ease,keep
element,time_pressure,time_pressure,keep
element,novelty_seeking,novelty_seeking,keep
element,financial_stress,financial_stress,keep
element,optimism,optimism,keep
element,safety_concern,safety_concern,keep
element,institutional_trust,institutional_trust,keep
element,liquidity,liquidity,keep
element,habit_inertia,habit_inertia,keep
element,loss_aversion,loss_aversion,keep
element,tenure,tenure,keep
element,life_stage,life_stage,keep
element,spending_confidence,optimism,merge
element,burnout,wellbeing,merge
element,cooperativeness,prosociality,merge
element,place_type,car_dependence,rename
decision,spend,spend,keep
decision,buy_new,buy_new,keep
decision,subscribe,subscribe,keep
decision,travel,travel,keep
decision,change_work,change_work,keep
decision,move,move,keep
decision,switch_brand,switch_brand,keep
decision,share,share,keep
decision,borrow_repay,borrow,rename
decision,save_invest,invest,rename
decision,comply_rules,break_rules,rename
decision,adopt_tech,,retire
resource,water,water,keep
resource,land_food,land_soil;biodiversity;food_stock,split
resource,energy_minerals,primary_energy;minerals_materials,split
resource,produced,built_infrastructure;housing_stock;productive_capital;computing_capacity;supply_networks,split
resource,financial,monetary_credit;asset_wealth;public_finances,split
resource,human,population;population_health;care_capacity;skills;labour_force,split
resource,social,social_trust;community_ties,split
resource,knowledge,knowledge,keep
resource,attention,attention,keep
resource,legitimacy,legitimacy;state_capacity,split
resource,public_order,state_capacity,merge
resource,free_time,attention,merge
resource,health_status,population_health,rename
