id,name,noun,definition,probe_statement,template_family,status
squeeze,Squeeze,squeeze,"Costs rise or income gets less secure, so people have less room and tighten up.","This story is about costs rising or incomes getting less secure, leaving people with less money to spare.",squeeze,draft (guess; probe tested once on 22 design fixtures)
relief,Relief,relief,"Costs fall or pressure eases, so people have more room and loosen up.","This story is about costs falling or pressure on people easing, leaving them with more money or room to spare.",relief,draft (guess; probe tested once on 22 design fixtures)
scare,Scare,scare,"A threat to health or safety, so people protect themselves and pull back from going out.","This story is about a threat to people's health or safety that makes them want to protect themselves.",scare,draft (guess; probe tested once on 22 design fixtures)
blow,Blow,blow,"A sudden hit to one place, company or industry (a closure, a disaster, an attack) that falls hardest on the people there.","This story is about a sudden hit to one place, company or industry that falls hardest on the people there.",blow,draft (guess; probe tested once on 22 design fixtures)
shake_up,Shake-up,shake-up,"A change in how things work (a new tool, a new rule, a broken service) that pushes people to switch or adapt.","This story is about a change in how things work, such as a new technology, a new rule or a broken service, that makes people switch or adapt.",shake_up,draft (guess; probe tested once on 22 design fixtures)
surge,Surge,surge,"Something climbs fast (home or share prices, demand, arrivals) and people pile in or scramble to keep up.","This story is about something climbing fast, such as home or share prices, demand, or the number of people arriving.",surge,draft (guess; probe tested once on 22 design fixtures)
freeze,Freeze,freeze,"Uncertainty, more than cost, makes people wait: big decisions get put off.","This story is about uncertainty that makes people wait and put off big decisions.",freeze,draft (guess; probe tested once on 22 design fixtures)
rift,Rift,rift,"Politics, unfairness or conflict between groups, so people take sides and speak up.","This story is about a political fight, unfairness or conflict between groups that makes people take sides.",rift,draft (guess; probe tested once on 22 design fixtures)
boost,Boost,boost,"A gain (a cure, an investment, better services) that makes life easier or safer.","This story is about a gain, such as a new cure, new investment or better services, that makes life easier or safer.",boost,draft (guess; probe tested once on 22 design fixtures)
ripple,Ripple,ripple,"A story people hear about that changes little in daily life.","This story changes little in most people's daily lives.",ripple,draft (guess; probe tested once on 22 design fixtures)
