kind,id,noun,down,up,down_bare,up_bare,theme,text,text_alt,note
condition,water_stress,water supplies,get safer and steadier,run short,get safer and steadier,run short,,,,up_means: more shortage (bad)
condition,land_degradation,farmland and forests,recover,get damaged,recover,get damaged,,,,up_means: more land lost (bad)
condition,biodiversity_loss,wildlife and fish stocks,recover,decline,recover,decline,,,,up_means: more decline (bad)
condition,climate_stress,weather hazards,ease,get worse,ease,get worse,,,,"up_means: more heat, drought, flood or storm hazard (bad)"
condition,air_pollution,pollution levels,fall,rise,fall,rise,,,,up_means: dirtier air (bad)
condition,energy_fuel,fuel and power costs,fall,rise,fall,rise,,,,up_means: costlier or scarcer (bad)
condition,mineral_scarcity,raw material costs,fall,rise,fall,rise,,,,up_means: scarcer or costlier (bad)
condition,food_insecurity,food shortages,ease,spread,ease,spread,,,,up_means: more people short of food (bad)
condition,housing_cost,housing costs,fall,rise,fall,rise,,,,up_means: costlier (bad)
condition,infrastructure_condition,roads and grids,fall into disrepair,get fixed up,fall into disrepair,get fixed up,,,,up_means: better repair (good)
condition,disruption,service outages,ease,multiply,ease,multiply,,,,"up_means: more interruptions to travel, power, water, services (bad)"
condition,industrial_output,factories,produce less,produce more,produce less,produce more,,,,up_means: more output (good)
condition,supply_chain_strain,supply lines,clear,clog up,clear,clog up,,,,up_means: more strain (bad)
condition,tech_adoption,new digital tools,lose ground,spread,lose ground,spread,,,,up_means: more adoption (neutral)
condition,cyber_insecurity,digital break-in risks,fall,rise,fall,rise,,,,up_means: more breaches (bad)
condition,prices,prices,fall,rise,fall,rise,,,,up_means: higher prices (bad)
condition,borrowing_cost,loans,get cheaper,get dearer,get cheaper,get dearer,,,,up_means: costlier or tighter credit (bad)
condition,asset_values,shares and property,lose value,gain value,lose value,gain value,,,,up_means: higher values (good for holders)
condition,market_volatility,markets,calm down,swing harder,calm down,swing harder,,,,up_means: more volatility (bad)
condition,private_debt,debt repayments,eat less of people's income,eat more of people's income,eat less of people's income,eat more of people's income,,,,up_means: heavier burden (bad)
condition,inequality,the gap between rich and poor,narrows,widens,narrow,widen,,,,up_means: wider gap (bad). Singular noun: bare forms differ
condition,fiscal_strain,government budgets,get breathing room,come under strain,get breathing room,come under strain,,,,up_means: more strain (bad)
condition,health_risk,health risks,fall,rise,fall,rise,,,,up_means: more risk (bad)
condition,mental_distress,stress and anxiety,ease,rise,ease,rise,,,,up_means: more distress (bad)
condition,care_strain,hospitals and clinics,get relief,come under strain,get relief,come under strain,,,,up_means: more strain (bad)
condition,job_security,jobs,get less secure,get more secure,get less secure,get more secure,,,,up_means: more secure (good)
condition,pay_growth,wages,stall,grow faster,stall,grow faster,,,,up_means: faster pay growth (good)
condition,social_division,social divides,heal,deepen,heal,deepen,,,,up_means: more division (bad)
condition,community,local ties,weaken,grow stronger,weaken,grow stronger,,,,up_means: stronger (good)
condition,trust_institutions,trust in institutions,falls,grows,fall,grow,,,,up_means: more trust (good). Singular noun
condition,public_service_quality,public services,get worse,improve,get worse,improve,,,,up_means: better (good)
condition,civil_liberties,freedoms,shrink,expand,shrink,expand,,,,up_means: more freedom (good)
condition,crime,crime,falls,rises,fall,rise,,,,up_means: more crime (bad). Singular noun
condition,war_terror,armed conflict,eases,escalates,ease,escalate,,,,up_means: more conflict (bad). Singular noun
condition,civil_unrest,street unrest,calms,grows,calm,grow,,,,up_means: more unrest (bad). Singular noun
condition,information_reliability,public information,gets less reliable,gets more reliable,get less reliable,get more reliable,,,,up_means: more reliable (good). Singular noun
condition,news_overload,the news flow,gets lighter,gets heavier,get lighter,get heavier,,,,up_means: more news competing (bad). Singular noun
condition,migration_flow,more people,move away,move in,move away,move in,,,,up_means: more net arrivals (neutral). down = net departures
condition,skills_level,skills and schooling,slip,improve,slip,improve,,,,up_means: more people with the skills they need (good)
decision,spend,spending,spend {deg}less,spend {deg}more,,,spending,,,
decision,buy_new,big purchases,put off big purchases,buy {deg}more big-ticket items,,,spending,,,
decision,subscribe,subscriptions,drop subscriptions,sign up for more subscriptions,,,spending,,,
decision,travel,travel,travel {deg}less,travel {deg}more,,,travel,,,
decision,change_work,job moves,stay put in their jobs,look for new jobs,,,work,,,
decision,move,moving home,stay where they live,move home,,,home_family,,,
decision,switch_brand,switching,stick with their brands,shop around,,,switching,,,
decision,share,speaking out,speak out {deg}less,speak out {deg}more,,,voice,,,
decision,vote,politics,step back from politics,get involved in politics,,,voice,,,
decision,protest,protest,protest less,protest and strike,,,voice,,,
decision,health_action,health care,put off health care,get health checks,,,protection,,,
decision,study_train,training,skip training,sign up for training,,,work,,,
decision,family_change,family plans,put family plans on hold,change family plans,,,home_family,,,
decision,stockpile_prepare,stockpiling,buy only what they need,stock up,,,protection,,,
decision,start_business,new businesses,hold off starting businesses,start businesses,,,work,,,
decision,donate_volunteer,giving,give {deg}less to causes,give {deg}more to causes,,,support,,,
decision,claim_support,benefit claims,claim {deg}less support,apply for aid,,,support,,,
decision,borrow,borrowing,avoid new debt,take on debt,,,money,,,
decision,invest,investing,keep savings in cash,invest {deg}more,,,money,,,
decision,break_rules,rule-breaking,stick to the rules,brush off official rules,,,rules,,,
theme,spending,spending,cut back{degp},open their wallets{degp},,,,spend; buy_new; subscribe,,used when two or more members agree in sign and the second is at least half the first
theme,switching,switching,stick with their brands,shop around,,,,switch_brand,,
theme,money,money,play it safe with money,take more risks with money,,,,invest; borrow,,
theme,travel,travel,travel {deg}less,travel {deg}more,,,,travel,,
theme,home_family,big life moves,put big life changes on hold,make big life changes,,,,move; family_change,,
theme,work,work,stay put at work,look for new work or training,,,,change_work; study_train; start_business,,
theme,voice,public voice,speak out less,push back in public,,,,share; vote; protest,,
theme,protection,precautions,ease off on precautions,protect themselves,,,,health_action; stockpile_prepare,,
theme,support,help,lean less on help,seek help,,,,claim_support; donate_volunteer,,members often disagree in sign; then the top member's own verb is used
theme,rules,rules,stick to the rules,brush off official rules,,,,break_rules,,
degree,small,,,,,,,a bit ,{degp}= a little,|move| < 0.75 points
degree,mid,,,,,,,,,0.75 <= |move| < 3 points: no word
degree,large,,,,,,,far ,{degp}= sharply,|move| >= 3 points
tier,Negligible,,,,,,,tiny,,world Size tier (impact.significance.tier) -> scale adjective
tier,Minor,,,,,,,minor,,
tier,Notable,,,,,,,notable,,
tier,Major,,,,,,,major,,
tier,Historic,,,,,,,historic,,
band,none,,,,,,,,,focus lead |move| < 0.25 points: no scale word
band,small,,,,,,,small,,0.25 <= |move| < 1 (same cut points as the page's older Size bands)
band,clear,,,,,,,clear,,1 <= |move| < 3
band,big,,,,,,,big,,3 <= |move| < 8
band,huge,,,,,,,huge,,|move| >= 8
reach,r90,,,,,,,nearly everyone,,rank reach >= 90%
reach,r60,,,,,,,most people,,60-90%
reach,r40,,,,,,,about half of people,,40-60%
reach,r20,,,,,,,a large minority,,20-40%
reach,r5,,,,,,,a small minority,,5-20%
reach,r0,,,,,,,very few people,,< 5%
certainty,happened,,,,,,,,,"modal: none (plain present). gate: happened >= 0.5 (and opinion < 0.5, not a pure forecast)"
certainty,announced,will,Not in effect yet.,,,,,Once it takes effect,When it lands,"modal: will. gate: happened < 0.5 and announced >= 0.5"
certainty,pending,,Effects not felt yet.,,,,,Once it takes effect,When it lands,"modal: none (plain present for the event; the trigger readings say should). gate: happened >= 0.5 and every reading is expected_pending"
certainty,forecast,would,A forecast: counted at reduced weight.,,,,,"If the forecast is right,","If this forecast comes true,","modal: would. gate: forecast >= 0.5 and announced < 0.5. Hedge variant (text or text_alt) = (frame offset + story text length) mod 2; offset 0 for squeeze, scare, shake_up, freeze, boost, plain; 1 for relief, blow, surge, rift, ripple. Same rule for every certainty row"
certainty,opinion,could,An opinion: counted at reduced weight.,,,,,"One writer's view; if it catches on,","An opinion piece; if enough people agree,","modal: could. gate: opinion >= 0.5"
certainty,unclear,may,Not clearly news: counted at reduced weight.,,,,,"If this holds,","If this turns out true,","modal: may. gate: none of the above"
arc,jolt,,,,,,,A quick jolt that fades.,a quick jolt,"peak at Now, keeps < 35% by Later"
arc,fades,,,,,,,Fades slowly.,fading slowly,"keeps 35-60% by Later, not building"
arc,builds,,,,,,,"Builds, then eases.",building,"peak after Now and |Next| >= 1.25 x |Now|, keeps < 60%"
arc,builds_sticks,,,,,,,Builds and stays.,building,"peak after Now and |Next| >= 1.25 x |Now|, keeps >= 60%"
arc,sticks,,,,,,,Sticks around.,lasting,"keeps >= 60% by Later"
who,local,,,,,,,feel{s} it almost alone,,"ref |move| < 0.1 and row |move| >= 0.25"
who,x_many,,,,,,,"react{s} about {n} times as much as {ref}",,"r >= 2.5 ({n} = round(r), above 5 say 'many')"
who,x2,,,,,,,react{s} about twice as much as {ref},,1.75 <= r < 2.5
who,more,,,,,,,react{s} more than {ref},,1.25 <= r < 1.75
who,same,,,,,,,react{s} about like {ref},,0.8 < r < 1.25 (salience 0: normally not shown)
who,bit_less,,,,,,,react{s} a bit less than {ref},,0.6 < r <= 0.8
who,half,,,,,,,react{s} about half as much as {ref},,0.35 < r <= 0.6
who,far_less,,,,,,,react{s} far less than {ref},,0 < r <= 0.35
who,opposite,,,,,,,move{s} the other way from {ref},,r <= 0 with both |moves| >= 0.25
who_lead,local,,,,,,,Only {place} feel{s} this {frame},,variant 0. Variant = (frame offset + story text length) mod 3; offsets squeeze 0, freeze 0, plain 0, scare 1, surge 1, relief 1, boost 1, blow 2, shake_up 2, rift 2, ripple 2. Headline WHO lead; {s} = 's' for a place (singular) and '' for an audience (plural)
who_lead,local_b,,,,,,,{Place} take{s} this {frame} almost alone,,variant 1
who_lead,local_c,,,,,,,This {frame} stays in {place},,variant 2
who_lead,more,,,,,,,{Place} feel{s} the {frame} most,,r >= 2 (WHO salience >= ln 2)
who_lead,less,,,,,,,{Place} get{s} off lightly,,r <= 0.5
who_lead,opposite,,,,,,,{Place} buck{s} the trend,,opposite sign
ref,world,,,,,,,most people,,WHO reference when the comparison is with the world row
ref,country,,,,,,,the rest of {country},,WHO reference when a region is compared with its country
line2,elsewhere,,,,,,,"Elsewhere, barely a ripple.",Little changes elsewhere.,world focus on a local story (entry is a country and the world move is under 0.25). text_alt rotates with a hash of the headline; not shown under the ripple frame (RP-W already says it)
line2,scale_world,,,,,,,A {scale} shift that reaches {reach}.,,world focus; Size tier and reach of the lead decision
line2,scale_focus,,,,,,,A {band} shift here.,,non-world focus; band of the focus lead move
line2,alone,,,,,,,Barely felt outside {place}.,,non-world focus on the entry country of a local story (world move under 0.1)
line2,quiet,,,,,,,No decision moves enough to matter.,,focus with no move >= 0.25
place,cities,,,,,,,cities in {country},,region label suffix '· cities'
place,towns,,,,,,,towns in {country},,region label suffix '· towns'
place,rural areas,,,,,,,rural {country},the rural {name},region label suffix '· rural areas'; text_alt when the country takes 'the'
place,the,,,,,,,the {country},,"country names starting 'United ', 'Netherlands', 'Philippines', 'Democratic Republic' take 'the'"
audience,"Young, rural, early adopters",,,,,,,young rural early adopters,,"audience label -> short plural name (fallback: label lower-cased, commas dropped, + ' people')"
audience,"Sharing a home, young, early adopters",,,,,,,young house-sharers,,
audience,"With kids, short of time, rural",,,,,,,busy rural parents,,
audience,"Retired, older, tech-wary",,,,,,,retirees,,
audience,"Older, set in their ways, tech-wary",,,,,,,"older, tech-wary people",,
audience,"Higher-income, tech-comfortable, big-city",,,,,,,big-city high earners,,
audience,"Big-city, with kids, young",,,,,,,young big-city parents,,
audience,"Living alone, reserved, young",,,,,,,young people living alone,,
