kind,id,sign,text,register,frames_not,flags,note
decision,spend,down,spend {deg}less,any,,deg,
decision,spend,down,cut back{degp},any,,deg,
decision,spend,down,cut spending{degp},any,,deg,
decision,spend,down,rein in spending{degp},any,,deg,
decision,spend,up,spend {deg}more,any,,deg,
decision,spend,up,step up spending{degp},any,,deg,
decision,spend,up,open their wallets{degp},any,,deg,
decision,spend,up,loosen their budgets{degp},any,,deg,
act,spend,down,cut spending,any,,,"anchor verb: non-comparative, follows ""about {n} more in every 100 {grp}"""
act,spend,up,loosen their budgets,any,,,anchor verb: non-comparative
decision,buy_new,down,put off big purchases,any,,,
decision,buy_new,down,delay big-ticket buys,any,,,
decision,buy_new,down,hold off on big purchases,any,,,
decision,buy_new,down,shelve big purchases,any,,,
decision,buy_new,up,buy {deg}more big-ticket items,any,,deg,
decision,buy_new,up,bring big purchases forward,any,,,
decision,buy_new,up,make more big purchases,any,,,
decision,buy_new,up,splash out on big purchases,stark|plain,,,
act,buy_new,down,put off a big purchase,any,,,"anchor verb: non-comparative, follows ""about {n} more in every 100 {grp}"""
act,buy_new,up,make a big purchase,any,,,anchor verb: non-comparative
decision,subscribe,down,drop subscriptions,any,,,
decision,subscribe,down,cancel subscriptions,any,,,
decision,subscribe,down,trim their subscriptions,any,,,
decision,subscribe,down,cut recurring plans,any,,,
decision,subscribe,up,sign up for more subscriptions,any,,,
decision,subscribe,up,take out new subscriptions,any,,,
decision,subscribe,up,add subscriptions,any,,,
decision,subscribe,up,sign up for new plans,any,,,
act,subscribe,down,drop a subscription,any,,,"anchor verb: non-comparative, follows ""about {n} more in every 100 {grp}"""
act,subscribe,up,take out a subscription,any,,,anchor verb: non-comparative
decision,travel,down,travel {deg}less,any,,deg,
decision,travel,down,stay closer to home{degp},any,,deg,
decision,travel,down,cut back on trips{degp},any,,deg,
decision,travel,down,make fewer trips,any,,,
decision,travel,up,travel {deg}more,any,,deg,
decision,travel,up,get out more,any,,,
decision,travel,up,take more trips,any,,,
decision,travel,up,go out and about more,any,,and,
act,travel,down,cut back on travel,any,,,"anchor verb: non-comparative, follows ""about {n} more in every 100 {grp}"""
act,travel,up,travel,any,,,anchor verb: non-comparative
decision,change_work,down,stay put in their jobs,any,,,
decision,change_work,down,hold on to their jobs,any,,,
decision,change_work,down,stay where they work,any,,,
decision,change_work,down,sit tight at work,any,,,
decision,change_work,up,look for new jobs,any,,,
decision,change_work,up,start job hunting,any,,,
decision,change_work,up,look around for work,any,,,
decision,change_work,up,weigh a job change,any,,,
act,change_work,down,stay put in their jobs,any,,,"anchor verb: non-comparative, follows ""about {n} more in every 100 {grp}"""
act,change_work,up,look for a new job,any,,,anchor verb: non-comparative
decision,move,down,stay where they live,any,,,
decision,move,down,hold off on moving,any,,,
decision,move,down,put off moving,any,,,
decision,move,down,stay in their homes,any,,,
decision,move,up,move home,any,,,
decision,move,up,pack up and move,any,,and,
decision,move,up,look for a new place to live,any,,,
decision,move,up,relocate,any,,,
act,move,down,put off moving,any,,,"anchor verb: non-comparative, follows ""about {n} more in every 100 {grp}"""
act,move,up,move home,any,,,anchor verb: non-comparative
decision,switch_brand,down,stick with their brands,any,,,
decision,switch_brand,down,stay loyal to brands,any,,,
decision,switch_brand,down,stop shopping around,any,,,
decision,switch_brand,down,keep their usual providers,any,,,
decision,switch_brand,up,shop around,any,,,
decision,switch_brand,up,switch brands,any,,,
decision,switch_brand,up,change providers,any,,,
decision,switch_brand,up,try other brands,any,,,
act,switch_brand,down,stick with their brands,any,,,"anchor verb: non-comparative, follows ""about {n} more in every 100 {grp}"""
act,switch_brand,up,switch brands,any,,,anchor verb: non-comparative
decision,share,down,speak out {deg}less,any,,deg,
decision,share,down,say less in public,any,,,
decision,share,down,share their views less,any,,,
decision,share,down,hold back in public{degp},any,,deg,
decision,share,up,speak out {deg}more,any,,deg,
decision,share,up,speak up{degp},any,,deg,
decision,share,up,voice their views,any,,,
decision,share,up,say more in public,any,,,
act,share,down,hold back from speaking out,any,,,"anchor verb: non-comparative, follows ""about {n} more in every 100 {grp}"""
act,share,up,speak out,any,,,anchor verb: non-comparative
decision,vote,down,step back from politics,any,,,
decision,vote,down,tune out of politics,any,,,
decision,vote,down,stay out of politics,any,,,
decision,vote,down,pull back from politics,any,,,
decision,vote,up,get involved in politics,any,,,
decision,vote,up,turn to politics,any,,,
decision,vote,up,engage with politics,any,,,
decision,vote,up,get politically active,any,,,
act,vote,down,step back from politics,any,,,"anchor verb: non-comparative, follows ""about {n} more in every 100 {grp}"""
act,vote,up,get involved in politics,any,,,anchor verb: non-comparative
decision,protest,down,protest less,any,,,
decision,protest,down,join fewer protests,any,,,
decision,protest,down,stay away from protests,any,,,
decision,protest,down,hold back from protest,any,,,
decision,protest,up,protest and strike,any,,and,
decision,protest,up,join protests,any,,,
decision,protest,up,take to the streets,stark|plain,,,
decision,protest,up,turn out to protest,any,,,
act,protest,down,stay away from protests,any,,,"anchor verb: non-comparative, follows ""about {n} more in every 100 {grp}"""
act,protest,up,join a protest,any,,,anchor verb: non-comparative
decision,health_action,down,put off health care,any,,,
decision,health_action,down,skip health checks,any,,,
decision,health_action,down,delay seeing a doctor,any,,,
decision,health_action,down,let health care slide,any,,,
decision,health_action,up,get health checks,any,,,
decision,health_action,up,see a doctor,any,,,
decision,health_action,up,look after their health,any,,,
decision,health_action,up,seek care,any,,,
act,health_action,down,put off health care,any,,,"anchor verb: non-comparative, follows ""about {n} more in every 100 {grp}"""
act,health_action,up,get a health check,any,,,anchor verb: non-comparative
decision,study_train,down,skip training,any,,,
decision,study_train,down,drop plans to study,any,,,
decision,study_train,down,put off training,any,,,
decision,study_train,down,pass on courses,any,,,
decision,study_train,up,sign up for training,any,,,
decision,study_train,up,go back to study,any,,,
decision,study_train,up,take up courses,any,,,
decision,study_train,up,train for new skills,any,,,
act,study_train,down,put off training,any,,,"anchor verb: non-comparative, follows ""about {n} more in every 100 {grp}"""
act,study_train,up,sign up for training,any,,,anchor verb: non-comparative
decision,family_change,down,put family plans on hold,any,,,
decision,family_change,down,delay family plans,any,,,
decision,family_change,down,hold off on family changes,any,,,
decision,family_change,down,postpone family plans,any,,,
decision,family_change,up,change family plans,any,,,
decision,family_change,up,rethink family plans,any,,,
decision,family_change,up,make family changes,any,,,
decision,family_change,up,revisit family plans,any,,,
act,family_change,down,put family plans on hold,any,,,"anchor verb: non-comparative, follows ""about {n} more in every 100 {grp}"""
act,family_change,up,change family plans,any,,,anchor verb: non-comparative
decision,stockpile_prepare,down,buy only what they need,any,,,
decision,stockpile_prepare,down,stop stocking up,any,,,
decision,stockpile_prepare,down,keep supplies lean,any,,,
decision,stockpile_prepare,down,draw down their supplies,any,,,
decision,stockpile_prepare,up,stock up,any,,,
decision,stockpile_prepare,up,lay in supplies,any,,,
decision,stockpile_prepare,up,build up supplies,any,,,
decision,stockpile_prepare,up,buy extra supplies,any,,,
act,stockpile_prepare,down,buy only what they need,any,,,"anchor verb: non-comparative, follows ""about {n} more in every 100 {grp}"""
act,stockpile_prepare,up,stock up,any,,,anchor verb: non-comparative
decision,start_business,down,hold off starting businesses,any,,,
decision,start_business,down,shelve business plans,any,,,
decision,start_business,down,put off starting a business,any,,,
decision,start_business,down,drop business plans,any,,,
decision,start_business,up,start businesses,any,,,
decision,start_business,up,set up on their own,any,,,
decision,start_business,up,launch new ventures,any,,,
decision,start_business,up,start up firms,any,,,
act,start_business,down,put off starting a business,any,,,"anchor verb: non-comparative, follows ""about {n} more in every 100 {grp}"""
act,start_business,up,start a business,any,,,anchor verb: non-comparative
decision,donate_volunteer,down,give {deg}less to causes,any,,deg,
decision,donate_volunteer,down,cut back on giving{degp},any,,deg,
decision,donate_volunteer,down,donate {deg}less,any,,deg,
decision,donate_volunteer,down,volunteer {deg}less,any,,deg,
decision,donate_volunteer,up,give {deg}more to causes,any,,deg,
decision,donate_volunteer,up,donate {deg}more,any,,deg,
decision,donate_volunteer,up,step up giving{degp},any,,deg,
decision,donate_volunteer,up,volunteer {deg}more,any,,deg,
act,donate_volunteer,down,cut back on giving,any,,,"anchor verb: non-comparative, follows ""about {n} more in every 100 {grp}"""
act,donate_volunteer,up,give to causes,any,,,anchor verb: non-comparative
decision,claim_support,down,claim {deg}less support,any,,deg,
decision,claim_support,down,lean less on benefits,any,,,
decision,claim_support,down,draw less aid,any,,,
decision,claim_support,down,claim fewer benefits,any,,,
decision,claim_support,up,apply for aid,any,,,
decision,claim_support,up,claim benefits,any,,,
decision,claim_support,up,seek support,any,,,
decision,claim_support,up,turn to benefits,any,,,
act,claim_support,down,claim less support,any,,,"anchor verb: non-comparative, follows ""about {n} more in every 100 {grp}"""
act,claim_support,up,apply for aid,any,,,anchor verb: non-comparative
decision,borrow,down,avoid new debt,any,,,
decision,borrow,down,borrow {deg}less,any,,deg,
decision,borrow,down,steer clear of loans,any,,,
decision,borrow,down,hold off on borrowing,any,,,
decision,borrow,up,take on debt,any,,,
decision,borrow,up,borrow {deg}more,any,,deg,
decision,borrow,up,take out loans,any,,,
decision,borrow,up,lean on credit,any,,,
act,borrow,down,avoid new debt,any,,,"anchor verb: non-comparative, follows ""about {n} more in every 100 {grp}"""
act,borrow,up,take out a loan,any,,,anchor verb: non-comparative
decision,invest,down,keep savings in cash,any,,,
decision,invest,down,pull back from investing,any,,,
decision,invest,down,hold cash,any,,,
decision,invest,down,sit on their savings,any,,,
decision,invest,up,invest {deg}more,any,,deg,
decision,invest,up,put money into markets,any,,,
decision,invest,up,put savings to work,any,,,
decision,invest,up,buy shares and funds,any,,and,
act,invest,down,keep savings in cash,any,,,"anchor verb: non-comparative, follows ""about {n} more in every 100 {grp}"""
act,invest,up,invest,any,,,anchor verb: non-comparative
decision,break_rules,down,stick to the rules,any,,,
decision,break_rules,down,follow official rules,any,,,
decision,break_rules,down,keep to the rules,any,,,
decision,break_rules,down,play by the rules,any,,,
decision,break_rules,up,brush off official rules,any,,,
decision,break_rules,up,bend the rules,any,,,
decision,break_rules,up,ignore official guidance,any,,,
decision,break_rules,up,flout official rules,stark|plain,,,
act,break_rules,down,follow official rules,any,,,"anchor verb: non-comparative, follows ""about {n} more in every 100 {grp}"""
act,break_rules,up,ignore official rules,any,,,anchor verb: non-comparative
theme,spending,down,cut back{degp},any,,deg,members: spend; buy_new; subscribe
theme,spending,down,tighten their belts,any,,,members: spend; buy_new; subscribe
theme,spending,down,rein in spending{degp},any,,deg,members: spend; buy_new; subscribe
theme,spending,up,open their wallets{degp},any,,deg,members: spend; buy_new; subscribe
theme,spending,up,spend {deg}more,any,,deg,members: spend; buy_new; subscribe
theme,spending,up,loosen their budgets{degp},any,,deg,members: spend; buy_new; subscribe
theme,switching,down,stick with what they know,any,,,members: switch_brand
theme,switching,down,stay loyal to brands,any,,,members: switch_brand
theme,switching,down,stop shopping around,any,,,members: switch_brand
theme,switching,up,shop around,any,,,members: switch_brand
theme,switching,up,switch brands,any,,,members: switch_brand
theme,switching,up,try other providers,any,,,members: switch_brand
theme,money,down,play it safe with money,any,,,members: invest; borrow
theme,money,down,keep money close,any,,,members: invest; borrow
theme,money,down,steer clear of financial risk,any,,,members: invest; borrow
theme,money,up,take more risks with money,any,,,members: invest; borrow
theme,money,up,put money to work,any,,,members: invest; borrow
theme,money,up,take on more financial risk,any,,,members: invest; borrow
theme,travel,down,travel {deg}less,any,,deg,members: travel
theme,travel,down,stay closer to home{degp},any,,deg,members: travel
theme,travel,down,cut back on trips{degp},any,,deg,members: travel
theme,travel,up,travel {deg}more,any,,deg,members: travel
theme,travel,up,get out more,any,,,members: travel
theme,travel,up,take more trips,any,,,members: travel
theme,home_family,down,put big life changes on hold,any,,,members: move; family_change
theme,home_family,down,hold off on big life moves,any,,,members: move; family_change
theme,home_family,down,keep life plans on hold,any,,,members: move; family_change
theme,home_family,up,make big life changes,any,,,members: move; family_change
theme,home_family,up,move ahead with life changes,any,,,members: move; family_change
theme,home_family,up,rethink where and how they live,any,,and,members: move; family_change
theme,work,down,stay put at work,any,,,members: change_work; study_train; start_business
theme,work,down,hold on to the jobs they have,any,,,members: change_work; study_train; start_business
theme,work,down,sit tight at work,any,,,members: change_work; study_train; start_business
theme,work,up,look for new work or training,any,,and,members: change_work; study_train; start_business
theme,work,up,look to change jobs,any,,,members: change_work; study_train; start_business
theme,work,up,seek new work,any,,,members: change_work; study_train; start_business
theme,voice,down,speak out less,any,,,members: share; vote; protest
theme,voice,down,step back from public debate,any,,,members: share; vote; protest
theme,voice,down,say less in public,any,,,members: share; vote; protest
theme,voice,up,push back in public,any,,,members: share; vote; protest
theme,voice,up,make their voices heard,any,,,members: share; vote; protest
theme,voice,up,speak up in public,any,,,members: share; vote; protest
theme,protection,down,ease off on precautions,any,scare|blow,,members: health_action; stockpile_prepare
theme,protection,down,take fewer precautions,any,scare|blow,,members: health_action; stockpile_prepare
theme,protection,down,relax their guard,any,scare|blow,,members: health_action; stockpile_prepare
theme,protection,up,protect themselves,any,,,members: health_action; stockpile_prepare
theme,protection,up,take precautions,any,,,members: health_action; stockpile_prepare
theme,protection,up,guard their health,any,,,members: health_action; stockpile_prepare
theme,support,down,lean less on help,any,,,members: claim_support; donate_volunteer
theme,support,down,seek less help,any,,,members: claim_support; donate_volunteer
theme,support,down,rely less on support,any,,,members: claim_support; donate_volunteer
theme,support,up,seek help,any,,,members: claim_support; donate_volunteer
theme,support,up,turn to support,any,,,members: claim_support; donate_volunteer
theme,support,up,look for help,any,,,members: claim_support; donate_volunteer
theme,rules,down,stick to the rules,any,,,members: break_rules
theme,rules,down,follow official rules,any,,,members: break_rules
theme,rules,down,keep to the rules,any,,,members: break_rules
theme,rules,up,brush off official rules,any,,,members: break_rules
theme,rules,up,bend the rules,any,,,members: break_rules
theme,rules,up,ignore official guidance,any,,,members: break_rules
degree,small,deg,a bit ,any,,,"|move| < 0.75 pts, before a comparative ({deg})"
degree,small,deg,a little ,any,,,"|move| < 0.75 pts, before a comparative ({deg})"
degree,small,deg,slightly ,any,,,"|move| < 0.75 pts, before a comparative ({deg})"
degree,small,degp, a little,any,,,"|move| < 0.75 pts, after a verb ({degp})"
degree,small,degp, slightly,any,,,"|move| < 0.75 pts, after a verb ({degp})"
degree,small,degp, a touch,any,,,"|move| < 0.75 pts, after a verb ({degp})"
degree,large,deg,far ,any,,,|move| >= 3 pts ({deg})
degree,large,deg,much ,any,,,|move| >= 3 pts ({deg})
degree,large,deg,a lot ,any,,,|move| >= 3 pts ({deg})
degree,large,degp, sharply,any,,,|move| >= 3 pts ({degp})
degree,large,degp, a lot,any,,,|move| >= 3 pts ({degp})
degree,large,degp, markedly,any,,,|move| >= 3 pts ({degp})
valence,water_stress,up,bad,any,,,"what ""up"" means for ordinary people (v1 note); asset_values is neutral because it is good for holders only"
valence,land_degradation,up,bad,any,,,"what ""up"" means for ordinary people (v1 note); asset_values is neutral because it is good for holders only"
valence,biodiversity_loss,up,bad,any,,,"what ""up"" means for ordinary people (v1 note); asset_values is neutral because it is good for holders only"
valence,climate_stress,up,bad,any,,,"what ""up"" means for ordinary people (v1 note); asset_values is neutral because it is good for holders only"
valence,air_pollution,up,bad,any,,,"what ""up"" means for ordinary people (v1 note); asset_values is neutral because it is good for holders only"
valence,energy_fuel,up,bad,any,,,"what ""up"" means for ordinary people (v1 note); asset_values is neutral because it is good for holders only"
valence,mineral_scarcity,up,bad,any,,,"what ""up"" means for ordinary people (v1 note); asset_values is neutral because it is good for holders only"
valence,food_insecurity,up,bad,any,,,"what ""up"" means for ordinary people (v1 note); asset_values is neutral because it is good for holders only"
valence,housing_cost,up,bad,any,,,"what ""up"" means for ordinary people (v1 note); asset_values is neutral because it is good for holders only"
valence,infrastructure_condition,up,good,any,,,"what ""up"" means for ordinary people (v1 note); asset_values is neutral because it is good for holders only"
valence,disruption,up,bad,any,,,"what ""up"" means for ordinary people (v1 note); asset_values is neutral because it is good for holders only"
valence,industrial_output,up,good,any,,,"what ""up"" means for ordinary people (v1 note); asset_values is neutral because it is good for holders only"
valence,supply_chain_strain,up,bad,any,,,"what ""up"" means for ordinary people (v1 note); asset_values is neutral because it is good for holders only"
valence,tech_adoption,up,neutral,any,,,"what ""up"" means for ordinary people (v1 note); asset_values is neutral because it is good for holders only"
valence,cyber_insecurity,up,bad,any,,,"what ""up"" means for ordinary people (v1 note); asset_values is neutral because it is good for holders only"
valence,prices,up,bad,any,,,"what ""up"" means for ordinary people (v1 note); asset_values is neutral because it is good for holders only"
valence,borrowing_cost,up,bad,any,,,"what ""up"" means for ordinary people (v1 note); asset_values is neutral because it is good for holders only"
valence,asset_values,up,neutral,any,,,"what ""up"" means for ordinary people (v1 note); asset_values is neutral because it is good for holders only"
valence,market_volatility,up,bad,any,,,"what ""up"" means for ordinary people (v1 note); asset_values is neutral because it is good for holders only"
valence,private_debt,up,bad,any,,,"what ""up"" means for ordinary people (v1 note); asset_values is neutral because it is good for holders only"
valence,inequality,up,bad,any,,,"what ""up"" means for ordinary people (v1 note); asset_values is neutral because it is good for holders only"
valence,fiscal_strain,up,bad,any,,,"what ""up"" means for ordinary people (v1 note); asset_values is neutral because it is good for holders only"
valence,health_risk,up,bad,any,,,"what ""up"" means for ordinary people (v1 note); asset_values is neutral because it is good for holders only"
valence,mental_distress,up,bad,any,,,"what ""up"" means for ordinary people (v1 note); asset_values is neutral because it is good for holders only"
valence,care_strain,up,bad,any,,,"what ""up"" means for ordinary people (v1 note); asset_values is neutral because it is good for holders only"
valence,job_security,up,good,any,,,"what ""up"" means for ordinary people (v1 note); asset_values is neutral because it is good for holders only"
valence,pay_growth,up,good,any,,,"what ""up"" means for ordinary people (v1 note); asset_values is neutral because it is good for holders only"
valence,social_division,up,bad,any,,,"what ""up"" means for ordinary people (v1 note); asset_values is neutral because it is good for holders only"
valence,community,up,good,any,,,"what ""up"" means for ordinary people (v1 note); asset_values is neutral because it is good for holders only"
valence,trust_institutions,up,good,any,,,"what ""up"" means for ordinary people (v1 note); asset_values is neutral because it is good for holders only"
valence,public_service_quality,up,good,any,,,"what ""up"" means for ordinary people (v1 note); asset_values is neutral because it is good for holders only"
valence,civil_liberties,up,good,any,,,"what ""up"" means for ordinary people (v1 note); asset_values is neutral because it is good for holders only"
valence,crime,up,bad,any,,,"what ""up"" means for ordinary people (v1 note); asset_values is neutral because it is good for holders only"
valence,war_terror,up,bad,any,,,"what ""up"" means for ordinary people (v1 note); asset_values is neutral because it is good for holders only"
valence,civil_unrest,up,bad,any,,,"what ""up"" means for ordinary people (v1 note); asset_values is neutral because it is good for holders only"
valence,information_reliability,up,good,any,,,"what ""up"" means for ordinary people (v1 note); asset_values is neutral because it is good for holders only"
valence,news_overload,up,bad,any,,no_partner,"what ""up"" means for ordinary people (v1 note); asset_values is neutral because it is good for holders only; never a CONTRAST partner (it measures the news flow itself, not a change in people's conditions)"
valence,migration_flow,up,neutral,any,,,"what ""up"" means for ordinary people (v1 note); asset_values is neutral because it is good for holders only"
valence,skills_level,up,good,any,,,"what ""up"" means for ordinary people (v1 note); asset_values is neutral because it is good for holders only"
there,place,,people there,any,,,country or region already named in the headline
there,place,,residents,any,,,country or region already named in the headline
there,place,,those living there,any,,,country or region already named in the headline
there,audience,,they,any,,,audience already named
soft,word,,a bit,any,,,hushed register: at least one of these in the headline (checked as a whole word or phrase)
soft,word,,a little,any,,,hushed register: at least one of these in the headline (checked as a whole word or phrase)
soft,word,,slightly,any,,,hushed register: at least one of these in the headline (checked as a whole word or phrase)
soft,word,,a touch,any,,,hushed register: at least one of these in the headline (checked as a whole word or phrase)
soft,word,,small,any,,,hushed register: at least one of these in the headline (checked as a whole word or phrase)
soft,word,,mild,any,,,hushed register: at least one of these in the headline (checked as a whole word or phrase)
soft,word,,slight,any,,,hushed register: at least one of these in the headline (checked as a whole word or phrase)
soft,word,,faint,any,,,hushed register: at least one of these in the headline (checked as a whole word or phrase)
soft,word,,barely,any,,,hushed register: at least one of these in the headline (checked as a whole word or phrase)
soft,word,,light,any,,,hushed register: at least one of these in the headline (checked as a whole word or phrase)
soft,word,,brief,any,,,hushed register: at least one of these in the headline (checked as a whole word or phrase)
soft,word,,only just,any,,,hushed register: at least one of these in the headline (checked as a whole word or phrase)
soft,word,,a small number,any,,,hushed register: at least one of these in the headline (checked as a whole word or phrase)
soft,word,,nudge,any,,,hushed register: at least one of these in the headline (checked as a whole word or phrase)
soft_tail,tail,,", if only slightly",any,,,filled into {soft_tail} only when the register is hushed and the headline has no soft word yet; empty otherwise
soft_tail,tail,,", though only a little",any,,,filled into {soft_tail} only when the register is hushed and the headline has no soft word yet; empty otherwise
soft_tail,tail,,", in a small way",any,,,filled into {soft_tail} only when the register is hushed and the headline has no soft word yet; empty otherwise
soft_tail,tail,,", if only a little",any,,,filled into {soft_tail} only when the register is hushed and the headline has no soft word yet; empty otherwise
anchor,pts,,about {n} more in every 100 {grp} {mod_}{act} than without it,any,,,A1 lead points / A4 if-true points; points = extra people per 100 against the control run with no event
anchor,pts,,about {n} in every 100 {grp} {mod_}{act} who otherwise would not,any,,,A1 lead points / A4 if-true points; points = extra people per 100 against the control run with no event
anchor,pts,,"for every 100 {grp}, about {n} more {mod_}{act} than otherwise",any,,,A1 lead points / A4 if-true points; points = extra people per 100 against the control run with no event
anchor,pts,,"out of every 100 {grp}, roughly {n} more {mod_}{act} than without this news",any,,,A1 lead points / A4 if-true points; points = extra people per 100 against the control run with no event
anchor,multiple,,about {n} times the world average,any,,,"A3 row peak / world peak on the lead decision; {n} integer 3..10, above 10 the text is ""more than 10 times the world average"""
anchor,multiple,,roughly {n} times the world average,any,,,"A3 row peak / world peak on the lead decision; {n} integer 3..10, above 10 the text is ""more than 10 times the world average"""
anchor,multiple,,some {n} times the average worldwide,any,,,"A3 row peak / world peak on the lead decision; {n} integer 3..10, above 10 the text is ""more than 10 times the world average"""
anchor_l2,pts,,About {n} more in every 100 {grp} {mod_}{act} than without it.,any,,,anchor in line 2 (budget or family put it there)
anchor_l2,pts,,Roughly {n} in every 100 {grp} {mod_}{act} who otherwise would not.,any,,,anchor in line 2 (budget or family put it there)
anchor_l2,pts,,"For every 100 {grp}, about {n} more {mod_}{act} than otherwise.",any,,,anchor in line 2 (budget or family put it there)
anchor_l2,pts,,"Out of every 100 {grp}, roughly {n} more {mod_}{act} than without it.",any,,,anchor in line 2 (budget or family put it there)
anchor_l2,multiple,,{Place_cap} moves about {n} times the world average.,any,,,"A3 in line 2; for an audience use the audience name ({Place_cap} = ""Retirees"" and the verb agrees: ""move"")"
anchor_l2,multiple,,"In {place}, roughly {n} times the world average.",any,,,"A3 in line 2; for an audience use the audience name ({Place_cap} = ""Retirees"" and the verb agrees: ""move"")"
anchor_l2,multiple,,{Place_cap}: some {n} times the average worldwide.,any,,,"A3 in line 2; for an audience use the audience name ({Place_cap} = ""Retirees"" and the verb agrees: ""move"")"
stake,change_work,,job moves,any,,,decision noun for STAKE hooks; stakes >= 4 in decision_stakes.csv
stake,move,,moving home,any,,,decision noun for STAKE hooks; stakes >= 4 in decision_stakes.csv
stake,study_train,,training plans,any,,,decision noun for STAKE hooks; stakes >= 4 in decision_stakes.csv
stake,family_change,,family plans,any,,,decision noun for STAKE hooks; stakes >= 4 in decision_stakes.csv
stake,start_business,,new businesses,any,,,decision noun for STAKE hooks; stakes >= 4 in decision_stakes.csv
stake,borrow,,borrowing,any,,,decision noun for STAKE hooks; stakes >= 4 in decision_stakes.csv
l2_arc,builds,,The effect grows before it eases.,any,,,line 2 only when the headline has no arc and the register is not hushed; fades is never shown
l2_arc,builds,,"Slow to start, stronger later, then easing.",any,,,line 2 only when the headline has no arc and the register is not hushed; fades is never shown
l2_arc,builds,,"It builds, then eases.",any,,,line 2 only when the headline has no arc and the register is not hushed; fades is never shown
l2_arc,builds,,"Strongest a while after, then softer.",any,,,line 2 only when the headline has no arc and the register is not hushed; fades is never shown
l2_arc,builds,,It starts small and gets bigger.,any,,,v2.1: three more wordings per arc
l2_arc,builds,,The bigger move comes later.,any,,,v2.1: three more wordings per arc
l2_arc,builds,,Strongest some time after the news.,any,,,v2.1: three more wordings per arc
l2_arc,builds_sticks,,It builds and stays.,any,,,line 2 only when the headline has no arc and the register is not hushed; fades is never shown
l2_arc,builds_sticks,,"Grows, then holds.",any,,,line 2 only when the headline has no arc and the register is not hushed; fades is never shown
l2_arc,builds_sticks,,Gathers pace and holds.,any,,,line 2 only when the headline has no arc and the register is not hushed; fades is never shown
l2_arc,builds_sticks,,Builds up and lingers.,any,,,line 2 only when the headline has no arc and the register is not hushed; fades is never shown
l2_arc,builds_sticks,,It grows and the change lasts.,any,,,v2.1: three more wordings per arc
l2_arc,builds_sticks,,The change builds and stays put.,any,,,v2.1: three more wordings per arc
l2_arc,builds_sticks,,"Larger later, and it holds.",any,,,v2.1: three more wordings per arc
l2_arc,sticks,,It lingers.,any,,,line 2 only when the headline has no arc and the register is not hushed; fades is never shown
l2_arc,sticks,,Most of it is still there later.,any,,,line 2 only when the headline has no arc and the register is not hushed; fades is never shown
l2_arc,sticks,,Slow to fade.,any,,,line 2 only when the headline has no arc and the register is not hushed; fades is never shown
l2_arc,sticks,,Still felt much later.,any,,,line 2 only when the headline has no arc and the register is not hushed; fades is never shown
l2_arc,sticks,,The change holds for a long while.,any,,,v2.1: three more wordings per arc
l2_arc,sticks,,It stays well beyond the first shock.,any,,,v2.1: three more wordings per arc
l2_arc,sticks,,Not a passing change.,any,,,v2.1: three more wordings per arc
l2_arc,jolt,,"A quick jolt, soon gone.",any,,,line 2 only when the headline has no arc and the register is not hushed; fades is never shown
l2_arc,jolt,,"Sharp at first, then mostly gone.",any,,,line 2 only when the headline has no arc and the register is not hushed; fades is never shown
l2_arc,jolt,,"Felt at once, gone soon after.",any,,,line 2 only when the headline has no arc and the register is not hushed; fades is never shown
l2_arc,jolt,,The effect is short-lived.,any,,,line 2 only when the headline has no arc and the register is not hushed; fades is never shown
l2_arc,jolt,,A sharp start that soon fades.,any,,,v2.1: three more wordings per arc
l2_arc,jolt,,It hits fast and passes fast.,any,,,v2.1: three more wordings per arc
l2_arc,jolt,,Most of it is over soon.,any,,,v2.1: three more wordings per arc
l2_pending,pending,,The effects are still to come.,any,,,pending story whose headline has no hedge
l2_pending,pending,,Not felt yet.,any,,,pending story whose headline has no hedge
l2_pending,pending,,Effects still pending.,any,,,pending story whose headline has no hedge
l2_pending,pending,,Nothing changes until it takes hold.,any,,,pending story whose headline has no hedge
l2_contrast,any,,"On the other side, {trigger2}.",any,,,"partner reading of opposite valence, when the headline is not a CONTRAST hook"
l2_contrast,any,,"At the same time, {trigger2}.",any,,,"partner reading of opposite valence, when the headline is not a CONTRAST hook"
l2_contrast,any,,Yet {trigger2}.,any,,,"partner reading of opposite valence, when the headline is not a CONTRAST hook"
l2_contrast,good,,There is an upside too: {trigger2}.,any,,,partner valence good only
l2_contrast,bad,,There is a cost too: {trigger2}.,any,,,partner valence bad only
l2_who,x2,,About twice the average change.,any,,,"non-world focus against the world row (subjectless), ratio band as in the v1 who rows; no digits (a digit here would be a second number)"
l2_who,x2,,Roughly double what most people do.,any,,,"non-world focus against the world row (subjectless), ratio band as in the v1 who rows; no digits (a digit here would be a second number)"
l2_who,x2,,Twice as strong as for most people.,any,,,"non-world focus against the world row (subjectless), ratio band as in the v1 who rows; no digits (a digit here would be a second number)"
l2_who,x_many,,Many times the average change.,any,,,"non-world focus against the world row (subjectless), ratio band as in the v1 who rows; no digits (a digit here would be a second number)"
l2_who,x_many,,Far stronger than for most people.,any,,,"non-world focus against the world row (subjectless), ratio band as in the v1 who rows; no digits (a digit here would be a second number)"
l2_who,x_many,,Well above what most people do.,any,,,"non-world focus against the world row (subjectless), ratio band as in the v1 who rows; no digits (a digit here would be a second number)"
l2_who,more,,More than most people.,any,,,"non-world focus against the world row (subjectless), ratio band as in the v1 who rows; no digits (a digit here would be a second number)"
l2_who,more,,A bit stronger than average.,any,,,"non-world focus against the world row (subjectless), ratio band as in the v1 who rows; no digits (a digit here would be a second number)"
l2_who,more,,Somewhat above the average.,any,,,"non-world focus against the world row (subjectless), ratio band as in the v1 who rows; no digits (a digit here would be a second number)"
l2_who,half,,About half the average change.,any,,,"non-world focus against the world row (subjectless), ratio band as in the v1 who rows; no digits (a digit here would be a second number)"
l2_who,half,,Roughly half what most people do.,any,,,"non-world focus against the world row (subjectless), ratio band as in the v1 who rows; no digits (a digit here would be a second number)"
l2_who,half,,Half as strong as for most people.,any,,,"non-world focus against the world row (subjectless), ratio band as in the v1 who rows; no digits (a digit here would be a second number)"
l2_who,far_less,,Far less than most people.,any,,,"non-world focus against the world row (subjectless), ratio band as in the v1 who rows; no digits (a digit here would be a second number)"
l2_who,far_less,,Well below the average.,any,,,"non-world focus against the world row (subjectless), ratio band as in the v1 who rows; no digits (a digit here would be a second number)"
l2_who,far_less,,Much weaker than for most people.,any,,,"non-world focus against the world row (subjectless), ratio band as in the v1 who rows; no digits (a digit here would be a second number)"
l2_who,opposite,,The other way from most people.,any,,,"non-world focus against the world row (subjectless), ratio band as in the v1 who rows; no digits (a digit here would be a second number)"
l2_who,opposite,,Against the average trend.,any,,,"non-world focus against the world row (subjectless), ratio band as in the v1 who rows; no digits (a digit here would be a second number)"
l2_who,opposite,,Opposite to most people.,any,,,"non-world focus against the world row (subjectless), ratio band as in the v1 who rows; no digits (a digit here would be a second number)"
l2_who,alone,,Almost no one else is affected.,any,,,"v2.2: the focus moves and the world value is under 0.25, so there is nothing to compare with"
l2_who,alone,,Hardly anyone else moves.,any,,,"v2.2: the focus moves and the world value is under 0.25, so there is nothing to compare with"
l2_who,alone,,The rest of the world barely moves.,any,,,"v2.2: the focus moves and the world value is under 0.25, so there is nothing to compare with"
tier_word,Major,,major,any,,,"world Size tier, or the row tier at another focus"
tier_word,Historic,,historic,any,,,"world Size tier, or the row tier at another focus"
tier_word,big,,big,any,,,band word at a non-world focus with no row tier
tier_word,huge,,huge,any,,,band word at a non-world focus with no row tier
hedge,forecast,,"If the forecast holds,",any,,,certainty opener ending in a comma; announced rows only when identify.weight < 1 (if-true numbers); the v1 rows are kept among them
hedge,forecast,,"Should the forecast prove right,",any,,,certainty opener ending in a comma; announced rows only when identify.weight < 1 (if-true numbers); the v1 rows are kept among them
hedge,forecast,,"If forecasters have it right,",any,,,certainty opener ending in a comma; announced rows only when identify.weight < 1 (if-true numbers); the v1 rows are kept among them
hedge,forecast,,"If it plays out as forecast,",any,,,certainty opener ending in a comma; announced rows only when identify.weight < 1 (if-true numbers); the v1 rows are kept among them
hedge,forecast,,"Were the forecast to come true,",any,,,certainty opener ending in a comma; announced rows only when identify.weight < 1 (if-true numbers); the v1 rows are kept among them
hedge,forecast,,"If this forecast comes true,",any,,,certainty opener ending in a comma; announced rows only when identify.weight < 1 (if-true numbers); the v1 rows are kept among them
hedge,forecast,,"If the forecast is right,",any,,,certainty opener ending in a comma; announced rows only when identify.weight < 1 (if-true numbers); the v1 rows are kept among them
hedge_tail,forecast,,if the forecast holds,any,,,"late hedge, after the trigger clause: ""{Trigger_mod} {hedge_tail}:"""
hedge_tail,forecast,,if forecasters are right,any,,,"late hedge, after the trigger clause: ""{Trigger_mod} {hedge_tail}:"""
hedge_tail,forecast,,should the forecast prove right,any,,,"late hedge, after the trigger clause: ""{Trigger_mod} {hedge_tail}:"""
hedge_tail,forecast,,if it comes true,any,,,"late hedge, after the trigger clause: ""{Trigger_mod} {hedge_tail}:"""
hedge,opinion,,"If the writer is right,",any,,,certainty opener ending in a comma; announced rows only when identify.weight < 1 (if-true numbers); the v1 rows are kept among them
hedge,opinion,,"Taking the writer at their word,",any,,,certainty opener ending in a comma; announced rows only when identify.weight < 1 (if-true numbers); the v1 rows are kept among them
hedge,opinion,,"If this view proves right,",any,,,certainty opener ending in a comma; announced rows only when identify.weight < 1 (if-true numbers); the v1 rows are kept among them
hedge,opinion,,"Should the writer be right,",any,,,certainty opener ending in a comma; announced rows only when identify.weight < 1 (if-true numbers); the v1 rows are kept among them
hedge,opinion,,"If the argument holds,",any,,,certainty opener ending in a comma; announced rows only when identify.weight < 1 (if-true numbers); the v1 rows are kept among them
hedge,opinion,,"One writer's view; if it catches on,",any,,,certainty opener ending in a comma; announced rows only when identify.weight < 1 (if-true numbers); the v1 rows are kept among them
hedge,opinion,,"An opinion piece; if enough people agree,",any,,,certainty opener ending in a comma; announced rows only when identify.weight < 1 (if-true numbers); the v1 rows are kept among them
hedge_tail,opinion,,if the writer is right,any,,,"late hedge, after the trigger clause: ""{Trigger_mod} {hedge_tail}:"""
hedge_tail,opinion,,if the argument holds,any,,,"late hedge, after the trigger clause: ""{Trigger_mod} {hedge_tail}:"""
hedge_tail,opinion,,should the writer be right,any,,,"late hedge, after the trigger clause: ""{Trigger_mod} {hedge_tail}:"""
hedge_tail,opinion,,if this view is right,any,,,"late hedge, after the trigger clause: ""{Trigger_mod} {hedge_tail}:"""
hedge,unclear,,"If this holds,",any,,,certainty opener ending in a comma; announced rows only when identify.weight < 1 (if-true numbers); the v1 rows are kept among them
hedge,unclear,,"If this turns out true,",any,,,certainty opener ending in a comma; announced rows only when identify.weight < 1 (if-true numbers); the v1 rows are kept among them
hedge,unclear,,"If it proves right,",any,,,certainty opener ending in a comma; announced rows only when identify.weight < 1 (if-true numbers); the v1 rows are kept among them
hedge,unclear,,"Should it hold,",any,,,certainty opener ending in a comma; announced rows only when identify.weight < 1 (if-true numbers); the v1 rows are kept among them
hedge,unclear,,"If it is borne out,",any,,,certainty opener ending in a comma; announced rows only when identify.weight < 1 (if-true numbers); the v1 rows are kept among them
hedge,unclear,,"Taking it at face value,",any,,,certainty opener ending in a comma; announced rows only when identify.weight < 1 (if-true numbers); the v1 rows are kept among them
hedge_tail,unclear,,if this holds,any,,,"late hedge, after the trigger clause: ""{Trigger_mod} {hedge_tail}:"""
hedge_tail,unclear,,if it proves right,any,,,"late hedge, after the trigger clause: ""{Trigger_mod} {hedge_tail}:"""
hedge_tail,unclear,,should it hold,any,,,"late hedge, after the trigger clause: ""{Trigger_mod} {hedge_tail}:"""
hedge_tail,unclear,,if it is borne out,any,,,"late hedge, after the trigger clause: ""{Trigger_mod} {hedge_tail}:"""
hedge,announced,,"Once it takes effect,",any,,,certainty opener ending in a comma; announced rows only when identify.weight < 1 (if-true numbers); the v1 rows are kept among them
hedge,announced,,"When it lands,",any,,,certainty opener ending in a comma; announced rows only when identify.weight < 1 (if-true numbers); the v1 rows are kept among them
hedge,announced,,"If it goes ahead,",any,,,certainty opener ending in a comma; announced rows only when identify.weight < 1 (if-true numbers); the v1 rows are kept among them
hedge,announced,,"Once in force,",any,,,certainty opener ending in a comma; announced rows only when identify.weight < 1 (if-true numbers); the v1 rows are kept among them
hedge,announced,,"When it comes in,",any,,,certainty opener ending in a comma; announced rows only when identify.weight < 1 (if-true numbers); the v1 rows are kept among them
hedge,announced,,"As soon as it starts,",any,,,certainty opener ending in a comma; announced rows only when identify.weight < 1 (if-true numbers); the v1 rows are kept among them
hedge_tail,announced,,once it takes effect,any,,,"late hedge, after the trigger clause: ""{Trigger_mod} {hedge_tail}:"""
hedge_tail,announced,,if it goes ahead,any,,,"late hedge, after the trigger clause: ""{Trigger_mod} {hedge_tail}:"""
hedge,pending,,"Once the effects arrive,",any,,,certainty opener ending in a comma; announced rows only when identify.weight < 1 (if-true numbers); the v1 rows are kept among them
hedge,pending,,"When it takes hold,",any,,,certainty opener ending in a comma; announced rows only when identify.weight < 1 (if-true numbers); the v1 rows are kept among them
hedge,pending,,"As it takes effect,",any,,,certainty opener ending in a comma; announced rows only when identify.weight < 1 (if-true numbers); the v1 rows are kept among them
hedge,pending,,"When the effects come through,",any,,,certainty opener ending in a comma; announced rows only when identify.weight < 1 (if-true numbers); the v1 rows are kept among them
hedge,pending,,"In time,",any,,,certainty opener ending in a comma; announced rows only when identify.weight < 1 (if-true numbers); the v1 rows are kept among them
hedge,pending,,"Once it beds in,",any,,,certainty opener ending in a comma; announced rows only when identify.weight < 1 (if-true numbers); the v1 rows are kept among them
hedge_tail,pending,,once the effects arrive,any,,,"late hedge, after the trigger clause: ""{Trigger_mod} {hedge_tail}:"""
hedge_tail,pending,,as it takes hold,any,,,"late hedge, after the trigger clause: ""{Trigger_mod} {hedge_tail}:"""
hedge_tail,pending,,in time,any,,,"late hedge, after the trigger clause: ""{Trigger_mod} {hedge_tail}:"""
hedge_tail,pending,,once it beds in,any,,,"late hedge, after the trigger clause: ""{Trigger_mod} {hedge_tail}:"""
hook_open,IF06,,"Looking ahead,",any,,,v2.2: opener phrasings of an IF hook row
hook_open,IF06,,"Down the line,",any,,,v2.2: opener phrasings of an IF hook row
hook_open,IF06,,"Further out,",any,,,v2.2: opener phrasings of an IF hook row
hook_open,IF06,,"In the time to come,",any,,,v2.2: opener phrasings of an IF hook row
hook_open,IF07,,"Should it come to pass,",any,,,v2.2: opener phrasings of an IF hook row
hook_open,IF07,,"Were it to happen,",any,,,v2.2: opener phrasings of an IF hook row
hook_open,IF07,,"Supposing it happens,",any,,,v2.2: opener phrasings of an IF hook row
hook_open,IF07,,"If it does happen,",any,,,v2.2: opener phrasings of an IF hook row
hook_open,IF08,,"When the time comes,",any,,,v2.2: opener phrasings of an IF hook row
hook_open,IF08,,"Once the day arrives,",any,,,v2.2: opener phrasings of an IF hook row
hook_open,IF08,,"When it gets here,",any,,,v2.2: opener phrasings of an IF hook row
hook_open,IF08,,"In due course,",any,,,v2.2: opener phrasings of an IF hook row
hook_open,IF09,,"If this goes as described,",any,,,v2.2: opener phrasings of an IF hook row
hook_open,IF09,,"If things go that way,",any,,,v2.2: opener phrasings of an IF hook row
hook_open,IF09,,"If this plays out,",any,,,v2.2: opener phrasings of an IF hook row
hook_open,IF09,,"If it turns out so,",any,,,v2.2: opener phrasings of an IF hook row
trace,anchor_pts,,"A model estimate, not a count. In our simulated population, about {n} more people in every {unit} would {act} in the run with this story than in the same run without it. This is the largest gap across our three checkpoints (Now, Next, Later), reached at {checkpoint}. Next is roughly a month after the news if one model step is a day, and that time scale is our guess. It rests on hand-set decision weights, and a figure is shown only when the gap is at least 2 in 100.",any,,,"v2.2: hover text, in plain words (design 17.9)"
trace,anchor_hedge,,"This assumes the {what} comes true. Counted as {counted_as}, the engine gives it {weight} of that weight.",any,,,"v2.2: hover text, in plain words (design 17.9)"
trace,anchor_fraction,,"({value} in 100, shown as 1 in {unit}).",any,,,"v2.2: hover text, in plain words (design 17.9)"
trace,anchor_multiple,,"A model estimate, not a count. In our simulated population, the extra number of people who would {act} (this story against the same run without it, largest gap across Now, Next and Later) is about {n} times as big in {place} as across the world. It rests on hand-set decision weights, and a comparison is shown only when the world gap is at least 0.25 in 100, the place gap at least 1 in 100 and the ratio at least 3.",any,,,"v2.2: hover text, in plain words (design 17.9)"
trace,none_small,,"No figure shown: the largest gap in people who would {act} is {value} in 100, under the 2 in 100 we need before we show a number.",any,,,"v2.2: hover text, in plain words (design 17.9)"
trace,none_hushed,,"No figure shown: this is a small effect, so we say it is small and give no number.",any,,,"v2.2: hover text, in plain words (design 17.9)"
trace,none_unresolved,,"No figure shown: the place is not in our model, so a number would speak for the wrong people.",any,,,"v2.2: hover text, in plain words (design 17.9)"
trace,none_budget,,No figure shown: it did not fit on the second line.,any,,,"v2.2: hover text, in plain words (design 17.9)"
trace,none_partner,,No figure shown: the second line is kept for the other side of the story.,any,,,"v2.2: hover text, in plain words (design 17.9)"
trace,none_other,,No figure shown: nothing passes the tests for a number.,any,,,"v2.2: hover text, in plain words (design 17.9)"
trace,what_forecast,,forecast,any,,,"v2.2: hover text, in plain words (design 17.9)"
trace,what_opinion,,opinion,any,,,"v2.2: hover text, in plain words (design 17.9)"
trace,what_unclear,,story,any,,,"v2.2: hover text, in plain words (design 17.9)"
trace,what_announced,,announcement,any,,,"v2.2: hover text, in plain words (design 17.9)"
trace,counted_forecast,,a forecast,any,,,"v2.2: hover text, in plain words (design 17.9)"
trace,counted_opinion,,an opinion piece,any,,,"v2.2: hover text, in plain words (design 17.9)"
trace,counted_unclear,,an uncertain story,any,,,"v2.2: hover text, in plain words (design 17.9)"
trace,counted_announced,,an announcement,any,,,"v2.2: hover text, in plain words (design 17.9)"
