id,name,noun,noun_hushed,valence,sense_needed,causal,fits_themes,bars_themes,vp_plain,vp_hushed,vp_stark,definition,probe_statement,classifier_option,status
squeeze,Squeeze,squeeze,mild squeeze,bad,not up,yes,spending-;money-;travel-;home_family-;work-;support+;switching+,spending+,feel the squeeze;feel the pinch;have less to spare,feel a slight pinch;have a little less to spare;feel a mild squeeze,feel a hard squeeze;are squeezed hard;feel the pinch sharply,"Costs rise or income gets less secure, so people have less room and tighten up.","This story is about costs rising or incomes getting less secure, leaving people with less money to spare.",yes,v2 draft: v1 row plus register words and theme fit (guess)
relief,Relief,relief,small relief,good,not down,no,spending+;money+;travel+;home_family+;support-;switching+;switching-,spending-,get some breathing room;have more to spare;feel the pressure ease,get a little breathing room;have slightly more to spare;feel the pressure ease a touch,get real breathing room;feel the pressure lift;have far more to spare,"Costs fall or pressure eases, so people have more room and loosen up.","This story is about costs falling or pressure on people easing, leaving them with more money or room to spare.",yes,v2 draft
scare,Scare,scare,slight scare,bad,not up,yes,protection+;travel-;spending-;home_family-;money-,protection-;spending+,grow wary;feel less safe;take care,grow slightly wary;feel a little less safe;take a little more care,grow alarmed;feel far less safe;rush to protect themselves,"A threat to health or safety, so people protect themselves and pull back from going out.","This story is about a threat to people's health or safety that makes them want to protect themselves.",yes,v2 draft; bars protection- (no 'ease off on precautions' after a scare)
blow,Blow,blow,light blow,bad,not up,yes,spending-;travel-;support+;work+;money-;home_family-;home_family+,spending+,take the hit;absorb the blow;feel the loss,take a light hit;feel a small loss;absorb a light blow,take a heavy hit;reel from the blow;feel the loss hard,"A sudden hit to one place, company or industry (a closure, a disaster, an attack) that falls hardest on the people there.","This story is about a sudden hit to one place, company or industry that falls hardest on the people there.",yes,v2 draft
shake_up,Shake-up,shake-up,small shake-up,any,any,no,any,,adjust;adapt;change course,adjust a little;adapt slightly;make small changes,scramble to adapt;change course fast;overhaul their routines,"A change in how things work (a new tool, a new rule, a broken service) that pushes people to switch or adapt.","This story is about a change in how things work, such as a new technology, a new rule or a broken service, that makes people switch or adapt.",yes,v2 draft
surge,Surge,surge,small surge,any,any,no,spending+;money+;travel+;home_family+;home_family-;voice+;switching+,,respond;pile in;keep up,respond a little;edge in;react slightly,pile in fast;scramble to keep up;rush in,"Something climbs fast (home or share prices, demand, arrivals) and people pile in or scramble to keep up.","This story is about something climbing fast, such as home or share prices, demand, or the number of people arriving.",yes,v2 draft
freeze,Freeze,freeze,brief pause,bad,not up,yes,spending-;money-;home_family-;work-;switching-,spending+,wait and see;hold back;sit tight,hold back a little;pause slightly;wait a little,freeze up;put everything on hold;hold back hard,"Uncertainty, more than cost, makes people wait: big decisions get put off.","This story is about uncertainty that makes people wait and put off big decisions.",yes,v2 draft
rift,Rift,rift,small rift,any,any,no,voice+;voice-;rules+;rules-,,take sides;dig in;split,lean to one side;dig in a little;split slightly,take sides hard;dig in deep;split sharply,"Politics, unfairness or conflict between groups, so people take sides and speak up.","This story is about a political fight, unfairness or conflict between groups that makes people take sides.",yes,v2 draft
boost,Boost,boost,small boost,good,not down,no,spending+;travel+;money+;work+;protection+;support-;home_family+;rules-,spending-,feel the lift;gain ground;feel better off,feel a small lift;gain a little ground;feel slightly better off,feel a big lift;gain real ground;feel far better off,"A gain (a cure, an investment, better services) that makes life easier or safer.","This story is about a gain, such as a new cure, new investment or better services, that makes life easier or safer.",yes,v2 draft
ripple,Ripple,ripple,faint ripple,any,any,no,any,,notice;take note;pay attention,barely notice;take faint note;notice a little,notice;take note;pay attention,"A story people hear about that changes little in daily life.","This story changes little in most people's daily lives.",yes,v2 draft; vp_stark never used (ripple never reads stark)
plain,Plain,shift,small shift,any,any,no,any,,,,,"No frame: the composer's fallback when the top frame and its runner-up both contradict the response, or the place is unresolved. Also the id the engine's guard sends (story.frame.id = plain, s106).",,no,"NEW in v2: fixes the s106 null (engine frame id 'plain' had no row). Not a classifier option; no frame words (vp empty), so hooks and templates that use {frame_vp} are never eligible"
