id,family,text,join,trigger_in_hook,certainty,register,valence,needs,frames,note
TR01,TRIGGER,{Trigger}:,colon,1,happened|announced,any,any,,any,
TR02,TRIGGER,"As {trigger},",comma,1,happened|announced,any,any,plain_trigger|coherent,any,"""as"" only with a plain-present trigger; coherent: a consequence word needs a response that agrees with the trigger"
TR03,TRIGGER,"{Trigger}, which means",bare,1,happened|announced,any,any,coherent,any,
TR04,TRIGGER,"{Trigger}, and in turn",bare,1,happened|announced,any,any,coherent,any,
TR05,TRIGGER,"{Trigger}, so",bare,1,happened|announced,any,any,causal|coherent,any,"causal frames only (squeeze, scare, blow, freeze)"
TR06,TRIGGER,"Because {trigger},",comma,1,happened|announced,any,any,causal|coherent,any,
TR07,TRIGGER,"{Trigger}, and {subj} {mod_}{frame_vp}:",they,1,happened|announced,any,any,fit|coherent,any,frame words: theme 1 must fit the frame
TR08,TRIGGER,"{Trigger}, leaving",to,1,happened|announced,any,any,no_modal|coherent,any,bare verb follows; never with a modal
TR11,TRIGGER,"{Trigger}, and a small number of {subj} {mod_}respond:",they,1,happened|announced,hushed,any,coherent,any,"hushed: points under 1 mean fewer than 1 extra person in 100, so ""a small number"" is literal"
TR12,TRIGGER,"{Trigger}, nudging {subj} slightly:",they,1,happened|announced,hushed,any,no_modal|coherent,any,
TR13,TRIGGER,"{Trigger}, with a small effect:",colon,1,happened|announced,hushed,any,,any,
TR14,TRIGGER,"{Trigger}, though the effect is faint:",colon,1,happened|announced,hushed,any,,any,
TR15,TRIGGER,{Trigger}; the effect is slight:,colon,1,happened|announced,hushed,any,no_modal,any,
TR16,TRIGGER,A {frame}:,colon,0,happened|announced,hushed,any,fit|coherent,any,"{frame} = noun_hushed (""mild squeeze"")"
WL01,WHO_LOCAL,Only {place} feels this {frame}:,colon,0,happened|announced|pending,any,any,local|fit|coherent,any,
WL02,WHO_LOCAL,{Place} takes this {frame} almost alone:,colon,0,happened|announced|pending,any,any,local|fit|coherent,any,
WL03,WHO_LOCAL,This {frame} stays in {place}:,colon,0,happened|announced|pending,any,any,local|fit|coherent,any,
WL04,WHO_LOCAL,A {frame} for {place} and hardly anyone else:,colon,0,happened|announced|pending,any,any,local|fit|coherent,any,
WL05,WHO_LOCAL,Only {place} feels this:,colon,0,happened|announced|pending,any,any,local,any,
WL06,WHO_LOCAL,{Place} takes this almost alone:,colon,0,happened|announced|pending,any,any,local,any,
WL07,WHO_LOCAL,"Felt in {place}, hardly anywhere else:",colon,0,happened|announced|pending,any,any,local,any,
WL08,WHO_LOCAL,"In {place}, and hardly anywhere else,",comma,0,happened|announced|pending,any,any,local,any,
WL09,WHO_LOCAL,A story for {place} alone:,colon,0,happened|announced|pending,any,any,local,any,
WL10,WHO_LOCAL,{Place} carries this one alone:,colon,0,happened|announced|pending,any,any,local,any,
WL11,WHO_LOCAL,The effect lands in {place}:,colon,0,happened|announced|pending,any,any,local,any,"v2.1: rotates the ""almost alone"" wording"
WL12,WHO_LOCAL,{Place} is where this lands:,colon,0,happened|announced|pending,any,any,local,any,
WL13,WHO_LOCAL,This one belongs to {place}:,colon,0,happened|announced|pending,any,any,local,any,
WM01,WHO_MOST,{Place} feel{s} the {frame} most:,colon,0,happened|announced|pending,any,any,who_more|fit|coherent,any,
WM02,WHO_MOST,{Place} {is} hit hardest:,colon,0,happened|announced|pending,any,bad,who_more,any,
WM03,WHO_MOST,{Place} bear{s} the brunt:,colon,0,happened|announced|pending,plain|stark,bad,who_more,any,
WM04,WHO_MOST,The {frame} is sharpest for {place}:,colon,0,happened|announced|pending,any,any,who_more|fit|coherent,any,
WM05,WHO_MOST,{Place} stand{s} out:,colon,0,happened|announced|pending,any,any,who_more,any,
WM06,WHO_MOST,{Place} gain{s} the most:,colon,0,happened|announced|pending,any,good,who_more,any,
WM07,WHO_MOST,{Place} react{s} most:,colon,0,happened|announced|pending,any,any,who_more,any,
WM08,WHO_MOST,Strongest in {place}:,colon,0,happened|announced|pending,any,any,who_more|geo,any,
WM09,WHO_MOST,Strongest among {place}:,colon,0,happened|announced|pending,any,any,who_more|audience,any,
WO01,WHO_OPP,{Place} buck{s} the trend:,colon,0,happened|announced|pending,any,any,who_opp,any,
WO02,WHO_OPP,{Place} move{s} the other way:,colon,0,happened|announced|pending,any,any,who_opp,any,
WO03,WHO_OPP,The exception is {place}:,colon,0,happened|announced|pending,any,any,who_opp,any,
WO04,WHO_OPP,{Place} head{s} the other way:,colon,0,happened|announced|pending,any,any,who_opp,any,
WO05,WHO_OPP,{Place} swing{s} the opposite way:,colon,0,happened|announced|pending,any,any,who_opp,any,
WO06,WHO_OPP,{Place} break{s} from the pattern:,colon,0,happened|announced|pending,any,any,who_opp,any,
CT01,CONTRAST,"{Trigger}, but {trigger2}:",colon,1,happened|announced|pending,any,any,partner,any,
CT02,CONTRAST,{Trigger} even as {trigger2}:,colon,1,happened|announced|pending,any,any,partner,any,
CT03,CONTRAST,"{Trigger}, though {trigger2}:",colon,1,happened|announced|pending,any,any,partner,any,
CT04,CONTRAST,"While {trigger2}, {trigger}:",colon,1,happened|announced|pending,any,any,partner,any,
CT05,CONTRAST,"{Trigger}; at the same time, {trigger2}:",colon,1,happened|announced|pending,any,any,partner,any,
CT06,CONTRAST,"{Trigger}, yet {trigger2}:",colon,1,happened|announced|pending,any,any,partner,any,
CT07,CONTRAST,"{Trigger}, and against that, {trigger2}:",colon,1,happened|announced|pending,any,any,partner,any,
SK01,STAKE,{Stake_cap} on the line:,colon,0,happened|announced|pending,plain|stark,any,stake,any,
SK02,STAKE,Not just small change:,colon,0,happened|announced|pending,plain|stark,any,stake,any,
SK03,STAKE,"Big choices, not small ones:",colon,0,happened|announced|pending,plain|stark,any,stake,any,
SK04,STAKE,This reaches choices that are hard to undo:,colon,0,happened|announced|pending,plain|stark,any,stake,any,
SK05,STAKE,Beyond the shopping list:,colon,0,happened|announced|pending,plain|stark,any,stake,any,
SK06,STAKE,Life decisions shift:,colon,0,happened|announced|pending,plain|stark,any,stake,any,
SK07,STAKE,Choices that last:,colon,0,happened|announced|pending,plain|stark,any,stake,any,
TU01,TURN,"First one thing, then another:",colon,0,happened|announced|pending,plain|stark,any,turn_shift,any,
TU02,TURN,The effect changes over time:,colon,0,happened|announced|pending,plain|stark,any,turn_shift,any,
TU03,TURN,Not one effect but two:,colon,0,happened|announced|pending,plain|stark,any,turn_shift,any,
TU04,TURN,The story turns:,colon,0,happened|announced|pending,plain|stark,any,turn_shift,any,
TU05,TURN,"Over time, the response moves:",colon,0,happened|announced|pending,plain|stark,any,turn_shift,any,
TU06,TURN,It shifts as it goes:,colon,0,happened|announced|pending,plain|stark,any,turn_shift,any,
TB01,TURN,This one builds:,colon,0,happened|announced|pending,plain|stark,any,builds,any,
TB02,TURN,Slow to start:,colon,0,happened|announced|pending,plain|stark,any,builds,any,
TB03,TURN,The bigger effect comes later:,colon,0,happened|announced|pending,plain|stark,any,builds,any,
TB04,TURN,Not felt all at once:,colon,0,happened|announced|pending,plain|stark,any,builds,any,
TB05,TURN,Gathering pace:,colon,0,happened|announced|pending,plain|stark,any,builds,any,
TB06,TURN,It grows before it fades:,colon,0,happened|announced|pending,plain|stark,any,builds_fades,any,
TB07,TURN,Stronger later than at first:,colon,0,happened|announced|pending,plain|stark,any,builds,any,
SC01,SCALE,A {tier} {frame}:,colon,0,happened|announced|pending,stark,any,fit|coherent,any,
SC02,SCALE,{Frame_cap} on a {tier} scale:,colon,0,happened|announced|pending,stark,any,fit|coherent,any,
SC03,SCALE,Hard to miss:,colon,0,happened|announced|pending,stark,any,,any,
SC04,SCALE,Felt almost everywhere:,colon,0,happened|announced|pending,stark,any,reach90|world_focus,any,
SC05,SCALE,Nearly everyone feels this:,colon,0,happened|announced|pending,stark,any,reach90|world_focus,any,
SC06,SCALE,"Big, and broad:",colon,0,happened|announced|pending,stark,any,reach60|world_focus,any,
SC07,SCALE,No small shift:,colon,0,happened|announced|pending,stark,any,,any,
SC08,SCALE,This one is large:,colon,0,happened|announced|pending,stark,any,,any,
IF01,IF,{Hedge},comma,0,forecast|opinion|unclear|announced_w|pending,hushed|plain,any,,any,expands into one candidate per hedge row of the certainty (lexicon kind hedge) before the seed pick
IF02,IF,{Trigger} {hedge_tail}:,colon,1,forecast|opinion|unclear|announced_w|pending,hushed|plain,any,,any,"expands per hedge_tail row; the modal sits in the first four words, so the reader still learns first that it is not reported news"
IF03,IF,"On this forecast, {trigger}:",colon,1,forecast,hushed|plain,any,,any,
IF04,IF,"{Trigger}, one writer argues:",ifso,1,opinion,hushed|plain,any,,any,
IF05,IF,"{Trigger}, forecasters say:",ifso,1,forecast,hushed|plain,any,,any,
IF06,IF,{Open} {trigger}:,colon,1,forecast|opinion|unclear|announced_w|pending,hushed|plain,any,,any,"v2.2: expands into one candidate per lexicon hook_open row of this id (four openers), after the even pick of the row"
IF07,IF,{Open} {trigger}:,colon,1,forecast|opinion|unclear,hushed|plain,any,,any,"v2.2: expands into one candidate per lexicon hook_open row of this id (four openers), after the even pick of the row"
IF08,IF,{Open} {trigger}:,colon,1,announced_w|pending,hushed|plain,any,,any,"v2.2: expands into one candidate per lexicon hook_open row of this id (four openers), after the even pick of the row"
IF09,IF,{Open},comma,0,forecast|opinion|unclear|announced_w|pending,hushed|plain,any,,any,"v2.2: expands into one candidate per lexicon hook_open row of this id (four openers), after the even pick of the row"
